index,x,y,progress
0,4.602060e+02,7.354080e+02,1.532467e-09
1,4.592160e+02,7.344180e+02,1.530651e-09
2,4.602060e+02,7.344180e+02,1.531653e-09
3,4.611960e+02,7.344180e+02,1.533017e-09
4,4.621860e+02,7.344180e+02,1.535322e-09
5,4.631760e+02,7.344180e+02,1.539668e-09
6,4.641660e+02,7.344180e+02,1.548617e-09
7,4.582260e+02,7.334280e+02,1.528596e-09
8,4.592160e+02,7.334280e+02,1.529616e-09
9,4.602060e+02,7.334280e+02,1.530675e-09
10,4.611960e+02,7.334280e+02,1.532025e-09
11,4.621860e+02,7.334280e+02,1.534158e-09
12,4.631760e+02,7.334280e+02,1.538256e-09
13,4.592160e+02,7.324380e+02,1.528287e-09
14,4.602060e+02,7.324380e+02,1.529436e-09
15,4.611960e+02,7.324380e+02,1.530842e-09
16,4.621860e+02,7.324380e+02,1.532956e-09
17,4.592160e+02,7.314480e+02,1.526473e-09
18,4.602060e+02,7.314480e+02,1.527827e-09
19,4.611960e+02,7.314480e+02,1.529390e-09
20,4.621860e+02,7.314480e+02,1.531659e-09
21,4.592160e+02,7.304580e+02,1.523681e-09
22,4.602060e+02,7.304580e+02,1.525484e-09
23,4.611960e+02,7.304580e+02,1.527415e-09
24,4.621860e+02,7.304580e+02,1.530075e-09
25,5.077260e+02,7.304580e+02,1.707513e-02
26,4.592160e+02,7.294680e+02,1.518614e-09
27,4.602060e+02,7.294680e+02,1.521316e-09
28,5.077260e+02,7.294680e+02,1.707513e-02
29,5.087160e+02,7.294680e+02,1.707513e-02
30,5.097060e+02,7.294680e+02,1.707513e-02
31,4.602060e+02,7.284780e+02,1.512438e-09
32,5.087160e+02,7.284780e+02,1.707513e-02
33,5.097060e+02,7.284780e+02,1.707513e-02
34,5.106960e+02,7.284780e+02,1.707513e-02
35,5.087160e+02,7.274880e+02,1.707513e-02
36,5.097060e+02,7.274880e+02,1.707513e-02
37,5.106960e+02,7.274880e+02,1.707513e-02
38,5.116860e+02,7.274880e+02,1.707513e-02
39,5.126760e+02,7.274880e+02,1.707513e-02
40,5.097060e+02,7.264980e+02,1.707513e-02
41,5.106960e+02,7.264980e+02,1.707513e-02
42,5.116860e+02,7.264980e+02,1.707513e-02
43,5.126760e+02,7.264980e+02,1.707513e-02
44,5.136660e+02,7.264980e+02,1.707513e-02
45,5.146560e+02,7.264980e+02,1.707513e-02
46,5.156460e+02,7.264980e+02,1.707513e-02
47,5.166360e+02,7.264980e+02,1.707513e-02
48,5.106960e+02,7.255080e+02,1.707513e-02
49,5.116860e+02,7.255080e+02,1.707513e-02
50,5.126760e+02,7.255080e+02,1.707513e-02
51,5.136660e+02,7.255080e+02,1.707513e-02
52,5.146560e+02,7.255080e+02,1.707513e-02
53,5.156460e+02,7.255080e+02,1.707513e-02
54,5.106960e+02,7.245180e+02,1.707513e-02
55,5.116860e+02,7.245180e+02,1.707513e-02
56,5.126760e+02,7.245180e+02,1.707513e-02
57,5.136660e+02,7.245180e+02,1.707513e-02
58,5.146560e+02,7.245180e+02,1.707513e-02
59,5.156460e+02,7.245180e+02,1.707513e-02
60,5.106960e+02,7.235280e+02,1.707513e-02
61,5.116860e+02,7.235280e+02,1.707513e-02
62,5.126760e+02,7.235280e+02,1.707513e-02
63,5.136660e+02,7.235280e+02,1.707513e-02
64,5.146560e+02,7.235280e+02,1.707513e-02
65,5.156460e+02,7.235280e+02,1.707513e-02
66,5.097060e+02,7.225380e+02,1.707513e-02
67,5.106960e+02,7.225380e+02,1.707513e-02
68,5.116860e+02,7.225380e+02,1.707513e-02
69,5.126760e+02,7.225380e+02,1.707513e-02
70,5.136660e+02,7.225380e+02,1.707513e-02
71,5.146560e+02,7.225380e+02,1.707513e-02
72,5.106960e+02,7.215480e+02,1.707513e-02
73,5.116860e+02,7.215480e+02,1.707513e-02
74,5.126760e+02,7.215480e+02,1.707513e-02
75,5.136660e+02,7.215480e+02,1.707513e-02
76,5.146560e+02,7.215480e+02,1.707513e-02
77,5.106960e+02,7.205580e+02,1.707513e-02
78,5.116860e+02,7.205580e+02,1.707513e-02
79,5.126760e+02,7.205580e+02,1.707513e-02
80,5.116860e+02,7.195680e+02,1.707513e-02
81,4.423860e+02,7.156080e+02,1.482039e-12
82,4.433760e+02,7.156080e+02,1.474191e-12
83,4.423860e+02,7.146180e+02,1.411279e-12
84,4.433760e+02,7.146180e+02,1.382754e-12
85,4.443660e+02,7.146180e+02,1.335810e-12
86,5.403960e+02,7.096680e+02,2.629644e-02
87,5.364360e+02,7.017480e+02,3.484425e-02
88,6.116760e+02,6.760080e+02,1.000000e+00
89,6.126660e+02,6.760080e+02,1.000000e+00
90,6.116760e+02,6.750180e+02,1.000000e+00
91,6.126660e+02,6.750180e+02,1.000000e+00
92,5.334660e+02,6.680880e+02,9.999458e-01
93,5.354460e+02,6.680880e+02,9.999458e-01
94,5.364360e+02,6.680880e+02,9.999458e-01
95,5.314860e+02,6.670980e+02,9.999458e-01
96,5.324760e+02,6.670980e+02,9.999458e-01
97,5.334660e+02,6.670980e+02,9.999458e-01
98,5.344560e+02,6.670980e+02,9.999458e-01
99,5.354460e+02,6.670980e+02,9.999458e-01
100,5.364360e+02,6.670980e+02,9.999458e-01
101,5.374260e+02,6.670980e+02,9.999458e-01
102,5.324760e+02,6.661080e+02,9.999458e-01
103,5.334660e+02,6.661080e+02,9.999458e-01
104,5.344560e+02,6.661080e+02,9.999458e-01
105,5.354460e+02,6.661080e+02,9.999458e-01
106,5.364360e+02,6.661080e+02,9.999458e-01
107,5.374260e+02,6.661080e+02,9.999458e-01
108,5.384160e+02,6.661080e+02,9.999458e-01
109,5.344560e+02,6.651180e+02,9.999458e-01
110,5.354460e+02,6.651180e+02,9.999458e-01
111,5.364360e+02,6.651180e+02,9.999458e-01
112,5.374260e+02,6.651180e+02,9.999458e-01
113,4.394160e+02,6.552180e+02,4.950216e-10
114,4.404060e+02,6.552180e+02,4.741688e-10
115,4.413960e+02,6.552180e+02,4.469471e-10
116,4.364460e+02,6.542280e+02,5.388320e-10
117,4.374360e+02,6.542280e+02,5.326652e-10
118,4.384260e+02,6.542280e+02,5.235952e-10
119,4.394160e+02,6.542280e+02,5.112610e-10
120,4.404060e+02,6.542280e+02,4.960171e-10
121,4.413960e+02,6.542280e+02,4.790588e-10
122,4.354560e+02,6.532380e+02,5.488114e-10
123,4.364460e+02,6.532380e+02,5.455644e-10
124,4.374360e+02,6.532380e+02,5.409184e-10
125,4.384260e+02,6.532380e+02,5.343727e-10
126,4.394160e+02,6.532380e+02,5.259706e-10
127,5.314860e+02,6.532380e+02,9.999458e-01
128,5.324760e+02,6.532380e+02,9.999458e-01
129,5.334660e+02,6.532380e+02,9.999458e-01
130,5.344560e+02,6.532380e+02,9.999458e-01
131,4.354560e+02,6.522480e+02,5.547151e-10
132,4.364460e+02,6.522480e+02,5.524863e-10
133,4.374360e+02,6.522480e+02,5.494606e-10
134,5.304960e+02,6.522480e+02,9.999458e-01
135,5.314860e+02,6.522480e+02,9.999458e-01
136,5.324760e+02,6.522480e+02,9.999458e-01
137,5.334660e+02,6.522480e+02,9.999458e-01
138,5.344560e+02,6.522480e+02,9.999458e-01
139,5.354460e+02,6.522480e+02,9.999458e-01
140,4.354560e+02,6.512580e+02,5.611721e-10
141,4.364460e+02,6.512580e+02,5.598484e-10
142,4.374360e+02,6.512580e+02,5.583532e-10
143,5.295060e+02,6.512580e+02,9.999458e-01
144,5.304960e+02,6.512580e+02,9.999458e-01
145,5.314860e+02,6.512580e+02,9.999458e-01
146,5.324760e+02,6.512580e+02,9.999458e-01
147,5.334660e+02,6.512580e+02,9.999458e-01
148,5.344560e+02,6.512580e+02,9.999458e-01
149,5.354460e+02,6.512580e+02,9.999458e-01
150,5.364360e+02,6.512580e+02,9.999458e-01
151,4.354560e+02,6.502680e+02,5.681905e-10
152,4.364460e+02,6.502680e+02,5.677497e-10
153,4.374360e+02,6.502680e+02,5.676197e-10
154,5.295060e+02,6.502680e+02,9.999458e-01
155,5.304960e+02,6.502680e+02,9.999458e-01
156,5.314860e+02,6.502680e+02,9.999458e-01
157,5.324760e+02,6.502680e+02,9.999458e-01
158,5.334660e+02,6.502680e+02,9.999458e-01
159,5.344560e+02,6.502680e+02,9.999458e-01
160,5.354460e+02,6.502680e+02,9.999458e-01
161,6.027660e+02,6.502680e+02,1.000000e+00
162,6.037560e+02,6.502680e+02,1.000000e+00
163,4.354560e+02,6.492780e+02,5.754350e-10
164,4.364460e+02,6.492780e+02,5.757694e-10
165,4.374360e+02,6.492780e+02,5.768910e-10
166,5.285160e+02,6.492780e+02,9.999458e-01
167,5.295060e+02,6.492780e+02,9.999458e-01
168,5.304960e+02,6.492780e+02,9.999458e-01
169,5.314860e+02,6.492780e+02,9.999458e-01
170,5.324760e+02,6.492780e+02,9.999458e-01
171,5.334660e+02,6.492780e+02,9.999458e-01
172,6.037560e+02,6.492780e+02,1.000000e+00
173,4.354560e+02,6.482880e+02,5.826119e-10
174,4.364460e+02,6.482880e+02,5.835096e-10
175,4.374360e+02,6.482880e+02,5.857694e-10
176,5.275260e+02,6.482880e+02,9.999458e-01
177,5.285160e+02,6.482880e+02,9.999458e-01
178,5.295060e+02,6.482880e+02,9.999458e-01
179,5.304960e+02,6.482880e+02,9.999458e-01
180,5.314860e+02,6.482880e+02,9.999458e-01
181,5.324760e+02,6.482880e+02,9.999458e-01
182,6.017760e+02,6.482880e+02,1.000000e+00
183,6.027660e+02,6.482880e+02,1.000000e+00
184,6.037560e+02,6.482880e+02,1.000000e+00
185,6.047460e+02,6.482880e+02,1.000000e+00
186,4.354560e+02,6.472980e+02,5.897715e-10
187,4.364460e+02,6.472980e+02,5.912925e-10
188,4.374360e+02,6.472980e+02,5.948548e-10
189,5.275260e+02,6.472980e+02,9.999458e-01
190,5.285160e+02,6.472980e+02,9.999458e-01
191,5.295060e+02,6.472980e+02,9.999458e-01
192,5.304960e+02,6.472980e+02,9.999458e-01
193,5.314860e+02,6.472980e+02,9.999458e-01
194,5.324760e+02,6.472980e+02,9.999458e-01
195,6.017760e+02,6.472980e+02,1.000000e+00
196,6.027660e+02,6.472980e+02,1.000000e+00
197,6.037560e+02,6.472980e+02,1.000000e+00
198,6.047460e+02,6.472980e+02,1.000000e+00
199,6.057360e+02,6.472980e+02,1.000000e+00
200,6.067260e+02,6.472980e+02,1.000000e+00
201,6.077160e+02,6.472980e+02,1.000000e+00
202,6.087060e+02,6.472980e+02,1.000000e+00
203,6.096960e+02,6.472980e+02,1.000000e+00
204,4.354560e+02,6.463080e+02,5.968795e-10
205,4.364460e+02,6.463080e+02,5.991862e-10
206,5.265360e+02,6.463080e+02,9.999458e-01
207,5.275260e+02,6.463080e+02,9.999458e-01
208,5.285160e+02,6.463080e+02,9.999458e-01
209,5.295060e+02,6.463080e+02,9.999458e-01
210,5.304960e+02,6.463080e+02,9.999458e-01
211,6.017760e+02,6.463080e+02,1.000000e+00
212,6.027660e+02,6.463080e+02,1.000000e+00
213,6.037560e+02,6.463080e+02,1.000000e+00
214,6.047460e+02,6.463080e+02,1.000000e+00
215,6.057360e+02,6.463080e+02,1.000000e+00
216,6.067260e+02,6.463080e+02,1.000000e+00
217,6.077160e+02,6.463080e+02,1.000000e+00
218,6.087060e+02,6.463080e+02,1.000000e+00
219,4.354560e+02,6.453180e+02,6.037963e-10
220,4.364460e+02,6.453180e+02,6.070717e-10
221,5.255460e+02,6.453180e+02,9.999458e-01
222,5.265360e+02,6.453180e+02,9.999458e-01
223,5.275260e+02,6.453180e+02,9.999458e-01
224,5.285160e+02,6.453180e+02,9.999458e-01
225,5.295060e+02,6.453180e+02,9.999458e-01
226,5.304960e+02,6.453180e+02,9.999458e-01
227,6.017760e+02,6.453180e+02,1.000000e+00
228,6.027660e+02,6.453180e+02,1.000000e+00
229,6.037560e+02,6.453180e+02,1.000000e+00
230,6.047460e+02,6.453180e+02,1.000000e+00
231,6.057360e+02,6.453180e+02,1.000000e+00
232,6.067260e+02,6.453180e+02,1.000000e+00
233,6.077160e+02,6.453180e+02,1.000000e+00
234,6.087060e+02,6.453180e+02,1.000000e+00
235,6.096960e+02,6.453180e+02,1.000000e+00
236,6.106860e+02,6.453180e+02,1.000000e+00
237,4.354560e+02,6.443280e+02,6.105282e-10
238,4.364460e+02,6.443280e+02,6.151505e-10
239,5.255460e+02,6.443280e+02,9.999458e-01
240,5.265360e+02,6.443280e+02,9.999458e-01
241,5.275260e+02,6.443280e+02,9.999458e-01
242,5.285160e+02,6.443280e+02,9.999458e-01
243,5.295060e+02,6.443280e+02,9.999458e-01
244,5.304960e+02,6.443280e+02,9.999458e-01
245,5.334660e+02,6.443280e+02,9.999458e-01
246,6.017760e+02,6.443280e+02,1.000000e+00
247,6.027660e+02,6.443280e+02,1.000000e+00
248,6.037560e+02,6.443280e+02,1.000000e+00
249,6.047460e+02,6.443280e+02,1.000000e+00
250,6.057360e+02,6.443280e+02,1.000000e+00
251,6.067260e+02,6.443280e+02,1.000000e+00
252,6.077160e+02,6.443280e+02,1.000000e+00
253,6.087060e+02,6.443280e+02,1.000000e+00
254,6.096960e+02,6.443280e+02,1.000000e+00
255,4.354560e+02,6.433380e+02,6.174176e-10
256,4.364460e+02,6.433380e+02,6.242803e-10
257,5.255460e+02,6.433380e+02,9.999458e-01
258,5.265360e+02,6.433380e+02,9.999458e-01
259,5.275260e+02,6.433380e+02,9.999458e-01
260,5.285160e+02,6.433380e+02,9.999458e-01
261,5.295060e+02,6.433380e+02,9.999458e-01
262,5.304960e+02,6.433380e+02,9.999458e-01
263,5.324760e+02,6.433380e+02,9.999458e-01
264,5.334660e+02,6.433380e+02,9.999458e-01
265,5.344560e+02,6.433380e+02,9.999458e-01
266,5.354460e+02,6.433380e+02,9.999458e-01
267,6.017760e+02,6.433380e+02,1.000000e+00
268,6.037560e+02,6.433380e+02,1.000000e+00
269,6.047460e+02,6.433380e+02,1.000000e+00
270,6.057360e+02,6.433380e+02,1.000000e+00
271,6.067260e+02,6.433380e+02,1.000000e+00
272,6.087060e+02,6.433380e+02,1.000000e+00
273,5.255460e+02,6.423480e+02,9.999458e-01
274,5.265360e+02,6.423480e+02,9.999458e-01
275,5.275260e+02,6.423480e+02,9.999458e-01
276,5.285160e+02,6.423480e+02,9.999458e-01
277,5.295060e+02,6.423480e+02,9.999458e-01
278,5.304960e+02,6.423480e+02,9.999458e-01
279,5.314860e+02,6.423480e+02,9.999458e-01
280,5.324760e+02,6.423480e+02,9.999458e-01
281,5.334660e+02,6.423480e+02,9.999458e-01
282,5.344560e+02,6.423480e+02,9.999458e-01
283,5.354460e+02,6.423480e+02,9.999458e-01
284,5.364360e+02,6.423480e+02,9.999458e-01
285,5.374260e+02,6.423480e+02,9.999458e-01
286,5.384160e+02,6.423480e+02,9.999458e-01
287,6.017760e+02,6.423480e+02,1.000000e+00
288,6.047460e+02,6.423480e+02,1.000000e+00
289,6.057360e+02,6.423480e+02,1.000000e+00
290,6.067260e+02,6.423480e+02,1.000000e+00
291,6.077160e+02,6.423480e+02,1.000000e+00
292,6.096960e+02,6.423480e+02,1.000000e+00
293,5.255460e+02,6.413580e+02,9.999458e-01
294,5.265360e+02,6.413580e+02,9.999458e-01
295,5.275260e+02,6.413580e+02,9.999458e-01
296,5.285160e+02,6.413580e+02,9.999458e-01
297,5.295060e+02,6.413580e+02,9.999458e-01
298,5.304960e+02,6.413580e+02,9.999458e-01
299,5.314860e+02,6.413580e+02,9.999458e-01
300,5.324760e+02,6.413580e+02,9.999458e-01
301,5.334660e+02,6.413580e+02,9.999458e-01
302,5.344560e+02,6.413580e+02,9.999458e-01
303,5.354460e+02,6.413580e+02,9.999458e-01
304,5.364360e+02,6.413580e+02,9.999458e-01
305,5.374260e+02,6.413580e+02,9.999458e-01
306,5.384160e+02,6.413580e+02,9.999458e-01
307,5.394060e+02,6.413580e+02,9.999458e-01
308,5.879160e+02,6.413580e+02,1.000000e+00
309,6.057360e+02,6.413580e+02,1.000000e+00
310,5.255460e+02,6.403680e+02,9.999458e-01
311,5.265360e+02,6.403680e+02,9.999458e-01
312,5.275260e+02,6.403680e+02,9.999458e-01
313,5.285160e+02,6.403680e+02,9.999458e-01
314,5.295060e+02,6.403680e+02,9.999458e-01
315,5.304960e+02,6.403680e+02,9.999458e-01
316,5.314860e+02,6.403680e+02,9.999458e-01
317,5.324760e+02,6.403680e+02,9.999458e-01
318,5.334660e+02,6.403680e+02,9.999458e-01
319,5.344560e+02,6.403680e+02,9.999458e-01
320,5.354460e+02,6.403680e+02,9.999458e-01
321,5.364360e+02,6.403680e+02,9.999458e-01
322,5.374260e+02,6.403680e+02,9.999458e-01
323,5.384160e+02,6.403680e+02,9.999458e-01
324,5.394060e+02,6.403680e+02,9.999458e-01
325,5.403960e+02,6.403680e+02,9.999458e-01
326,5.869260e+02,6.403680e+02,1.000000e+00
327,5.879160e+02,6.403680e+02,1.000000e+00
328,5.265360e+02,6.393780e+02,9.999458e-01
329,5.275260e+02,6.393780e+02,9.999458e-01
330,5.285160e+02,6.393780e+02,9.999458e-01
331,5.295060e+02,6.393780e+02,9.999458e-01
332,5.304960e+02,6.393780e+02,9.999458e-01
333,5.314860e+02,6.393780e+02,9.999458e-01
334,5.324760e+02,6.393780e+02,9.999458e-01
335,5.334660e+02,6.393780e+02,9.999458e-01
336,5.344560e+02,6.393780e+02,9.999458e-01
337,5.354460e+02,6.393780e+02,9.999458e-01
338,5.364360e+02,6.393780e+02,9.999458e-01
339,5.374260e+02,6.393780e+02,9.999458e-01
340,5.384160e+02,6.393780e+02,9.999458e-01
341,5.394060e+02,6.393780e+02,9.999458e-01
342,5.403960e+02,6.393780e+02,9.999458e-01
343,5.869260e+02,6.393780e+02,1.000000e+00
344,5.285160e+02,6.383880e+02,9.999458e-01
345,5.295060e+02,6.383880e+02,9.999458e-01
346,5.304960e+02,6.383880e+02,9.999458e-01
347,5.314860e+02,6.383880e+02,9.999458e-01
348,5.324760e+02,6.383880e+02,9.999458e-01
349,5.334660e+02,6.383880e+02,9.999458e-01
350,5.344560e+02,6.383880e+02,9.999458e-01
351,5.354460e+02,6.383880e+02,9.999458e-01
352,5.364360e+02,6.383880e+02,9.999458e-01
353,5.374260e+02,6.383880e+02,9.999458e-01
354,5.384160e+02,6.383880e+02,9.999458e-01
355,5.394060e+02,6.383880e+02,9.999458e-01
356,5.314860e+02,6.373980e+02,9.999458e-01
357,5.324760e+02,6.373980e+02,9.999458e-01
358,5.334660e+02,6.373980e+02,9.999458e-01
359,5.344560e+02,6.373980e+02,9.999458e-01
360,5.354460e+02,6.373980e+02,9.999458e-01
361,5.364360e+02,6.373980e+02,9.999458e-01
362,5.374260e+02,6.373980e+02,9.999458e-01
363,5.384160e+02,6.373980e+02,9.999458e-01
364,5.106960e+02,6.364080e+02,9.999457e-01
365,5.116860e+02,6.364080e+02,9.999457e-01
366,5.126760e+02,6.364080e+02,9.999457e-01
367,5.136660e+02,6.364080e+02,9.999457e-01
368,5.314860e+02,6.364080e+02,9.999458e-01
369,5.324760e+02,6.364080e+02,9.999458e-01
370,5.334660e+02,6.364080e+02,9.999458e-01
371,5.344560e+02,6.364080e+02,9.999458e-01
372,5.354460e+02,6.364080e+02,9.999458e-01
373,5.364360e+02,6.364080e+02,9.999458e-01
374,5.374260e+02,6.364080e+02,9.999458e-01
375,5.007960e+02,6.354180e+02,9.999457e-01
376,5.017860e+02,6.354180e+02,9.999457e-01
377,5.027760e+02,6.354180e+02,9.999457e-01
378,5.106960e+02,6.354180e+02,9.999457e-01
379,5.116860e+02,6.354180e+02,9.999457e-01
380,5.126760e+02,6.354180e+02,9.999457e-01
381,5.136660e+02,6.354180e+02,9.999457e-01
382,5.146560e+02,6.354180e+02,9.999457e-01
383,5.344560e+02,6.354180e+02,9.999458e-01
384,5.354460e+02,6.354180e+02,9.999458e-01
385,5.017860e+02,6.344280e+02,9.999457e-01
386,5.027760e+02,6.344280e+02,9.999457e-01
387,5.037660e+02,6.344280e+02,9.999457e-01
388,5.116860e+02,6.344280e+02,9.999457e-01
389,5.126760e+02,6.344280e+02,9.999457e-01
390,5.136660e+02,6.344280e+02,9.999457e-01
391,5.146560e+02,6.344280e+02,9.999457e-01
392,5.156460e+02,6.344280e+02,9.999457e-01
393,5.433660e+02,6.344280e+02,9.999459e-01
394,5.443560e+02,6.344280e+02,9.999459e-01
395,5.017860e+02,6.334380e+02,9.999457e-01
396,5.027760e+02,6.334380e+02,9.999457e-01
397,5.037660e+02,6.334380e+02,9.999457e-01
398,5.047560e+02,6.334380e+02,9.999457e-01
399,5.136660e+02,6.334380e+02,9.999457e-01
400,5.146560e+02,6.334380e+02,9.999457e-01
401,5.156460e+02,6.334380e+02,9.999457e-01
402,5.166360e+02,6.334380e+02,9.999457e-01
403,5.176260e+02,6.334380e+02,9.999457e-01
404,5.186160e+02,6.334380e+02,9.999457e-01
405,5.196060e+02,6.334380e+02,9.999457e-01
406,5.443560e+02,6.334380e+02,9.999459e-01
407,5.453460e+02,6.334380e+02,9.999459e-01
408,5.017860e+02,6.324480e+02,9.999457e-01
409,5.027760e+02,6.324480e+02,9.999457e-01
410,5.037660e+02,6.324480e+02,9.999457e-01
411,5.047560e+02,6.324480e+02,9.999457e-01
412,5.146560e+02,6.324480e+02,9.999457e-01
413,5.156460e+02,6.324480e+02,9.999457e-01
414,5.166360e+02,6.324480e+02,9.999457e-01
415,5.176260e+02,6.324480e+02,9.999457e-01
416,5.186160e+02,6.324480e+02,9.999457e-01
417,5.196060e+02,6.324480e+02,9.999457e-01
418,5.205960e+02,6.324480e+02,9.999457e-01
419,4.869360e+02,6.314580e+02,9.999457e-01
420,4.879260e+02,6.314580e+02,9.999457e-01
421,4.889160e+02,6.314580e+02,9.999457e-01
422,4.899060e+02,6.314580e+02,9.999457e-01
423,4.908960e+02,6.314580e+02,9.999457e-01
424,5.027760e+02,6.314580e+02,9.999457e-01
425,5.037660e+02,6.314580e+02,9.999457e-01
426,5.047560e+02,6.314580e+02,9.999457e-01
427,5.136660e+02,6.314580e+02,9.999457e-01
428,5.146560e+02,6.314580e+02,9.999457e-01
429,5.156460e+02,6.314580e+02,9.999457e-01
430,5.166360e+02,6.314580e+02,9.999457e-01
431,5.176260e+02,6.314580e+02,9.999457e-01
432,5.186160e+02,6.314580e+02,9.999457e-01
433,5.196060e+02,6.314580e+02,9.999457e-01
434,5.205960e+02,6.314580e+02,9.999457e-01
435,5.215860e+02,6.314580e+02,9.999457e-01
436,4.879260e+02,6.304680e+02,9.999457e-01
437,4.889160e+02,6.304680e+02,9.999457e-01
438,4.899060e+02,6.304680e+02,9.999457e-01
439,4.908960e+02,6.304680e+02,9.999457e-01
440,4.918860e+02,6.304680e+02,9.999457e-01
441,5.027760e+02,6.304680e+02,9.999457e-01
442,5.037660e+02,6.304680e+02,9.999457e-01
443,5.047560e+02,6.304680e+02,9.999457e-01
444,5.057460e+02,6.304680e+02,9.999457e-01
445,5.067360e+02,6.304680e+02,9.999457e-01
446,5.077260e+02,6.304680e+02,9.999457e-01
447,5.126760e+02,6.304680e+02,9.999457e-01
448,5.136660e+02,6.304680e+02,9.999457e-01
449,5.146560e+02,6.304680e+02,9.999457e-01
450,5.156460e+02,6.304680e+02,9.999457e-01
451,5.166360e+02,6.304680e+02,9.999457e-01
452,5.176260e+02,6.304680e+02,9.999457e-01
453,5.186160e+02,6.304680e+02,9.999457e-01
454,5.196060e+02,6.304680e+02,9.999457e-01
455,5.205960e+02,6.304680e+02,9.999457e-01
456,5.572260e+02,6.304680e+02,9.999801e-01
457,4.879260e+02,6.294780e+02,9.999457e-01
458,4.889160e+02,6.294780e+02,9.999457e-01
459,4.899060e+02,6.294780e+02,9.999457e-01
460,4.908960e+02,6.294780e+02,9.999457e-01
461,4.918860e+02,6.294780e+02,9.999457e-01
462,4.928760e+02,6.294780e+02,9.999457e-01
463,5.027760e+02,6.294780e+02,9.999457e-01
464,5.037660e+02,6.294780e+02,9.999457e-01
465,5.047560e+02,6.294780e+02,9.999457e-01
466,5.057460e+02,6.294780e+02,9.999457e-01
467,5.067360e+02,6.294780e+02,9.999457e-01
468,5.077260e+02,6.294780e+02,9.999457e-01
469,5.116860e+02,6.294780e+02,9.999457e-01
470,5.126760e+02,6.294780e+02,9.999457e-01
471,5.136660e+02,6.294780e+02,9.999457e-01
472,5.146560e+02,6.294780e+02,9.999457e-01
473,5.156460e+02,6.294780e+02,9.999457e-01
474,5.166360e+02,6.294780e+02,9.999457e-01
475,5.176260e+02,6.294780e+02,9.999457e-01
476,5.186160e+02,6.294780e+02,9.999457e-01
477,5.196060e+02,6.294780e+02,9.999457e-01
478,5.443560e+02,6.294780e+02,9.999460e-01
479,4.889160e+02,6.284880e+02,9.999457e-01
480,4.899060e+02,6.284880e+02,9.999457e-01
481,4.908960e+02,6.284880e+02,9.999457e-01
482,4.918860e+02,6.284880e+02,9.999457e-01
483,4.928760e+02,6.284880e+02,9.999457e-01
484,4.958460e+02,6.284880e+02,9.999457e-01
485,4.968360e+02,6.284880e+02,9.999457e-01
486,5.037660e+02,6.284880e+02,9.999457e-01
487,5.047560e+02,6.284880e+02,9.999457e-01
488,5.057460e+02,6.284880e+02,9.999457e-01
489,5.067360e+02,6.284880e+02,9.999457e-01
490,5.077260e+02,6.284880e+02,9.999457e-01
491,5.156460e+02,6.284880e+02,9.999457e-01
492,5.166360e+02,6.284880e+02,9.999457e-01
493,5.176260e+02,6.284880e+02,9.999457e-01
494,5.186160e+02,6.284880e+02,9.999457e-01
495,5.215860e+02,6.284880e+02,9.999457e-01
496,5.225760e+02,6.284880e+02,9.999457e-01
497,4.899060e+02,6.274980e+02,9.999457e-01
498,4.908960e+02,6.274980e+02,9.999457e-01
499,4.918860e+02,6.274980e+02,9.999457e-01
500,4.928760e+02,6.274980e+02,9.999457e-01
501,4.938660e+02,6.274980e+02,9.999457e-01
502,4.948560e+02,6.274980e+02,9.999457e-01
503,4.958460e+02,6.274980e+02,9.999457e-01
504,5.037660e+02,6.274980e+02,9.999457e-01
505,5.047560e+02,6.274980e+02,9.999457e-01
506,5.057460e+02,6.274980e+02,9.999457e-01
507,5.067360e+02,6.274980e+02,9.999457e-01
508,5.156460e+02,6.274980e+02,9.999457e-01
509,5.166360e+02,6.274980e+02,9.999457e-01
510,5.176260e+02,6.274980e+02,9.999457e-01
511,5.186160e+02,6.274980e+02,9.999457e-01
512,5.196060e+02,6.274980e+02,9.999457e-01
513,5.205960e+02,6.274980e+02,9.999457e-01
514,5.215860e+02,6.274980e+02,9.999457e-01
515,5.225760e+02,6.274980e+02,9.999457e-01
516,4.899060e+02,6.265080e+02,9.999457e-01
517,4.908960e+02,6.265080e+02,9.999457e-01
518,4.918860e+02,6.265080e+02,9.999457e-01
519,4.928760e+02,6.265080e+02,9.999457e-01
520,4.938660e+02,6.265080e+02,9.999457e-01
521,5.047560e+02,6.265080e+02,9.999457e-01
522,5.156460e+02,6.265080e+02,9.999457e-01
523,5.166360e+02,6.265080e+02,9.999457e-01
524,5.176260e+02,6.265080e+02,9.999457e-01
525,5.186160e+02,6.265080e+02,9.999457e-01
526,5.205960e+02,6.265080e+02,9.999457e-01
527,5.215860e+02,6.265080e+02,9.999457e-01
528,5.295060e+02,6.265080e+02,9.999457e-01
529,4.879260e+02,6.255180e+02,9.999457e-01
530,4.889160e+02,6.255180e+02,9.999457e-01
531,4.899060e+02,6.255180e+02,9.999457e-01
532,4.908960e+02,6.255180e+02,9.999457e-01
533,4.918860e+02,6.255180e+02,9.999457e-01
534,4.928760e+02,6.255180e+02,9.999457e-01
535,5.166360e+02,6.255180e+02,9.999457e-01
536,5.176260e+02,6.255180e+02,9.999457e-01
537,5.295060e+02,6.255180e+02,9.999457e-01
538,5.304960e+02,6.255180e+02,9.999457e-01
539,4.869360e+02,6.245280e+02,9.999457e-01
540,4.879260e+02,6.245280e+02,9.999457e-01
541,4.889160e+02,6.245280e+02,9.999457e-01
542,4.899060e+02,6.245280e+02,9.999457e-01
543,4.908960e+02,6.245280e+02,9.999457e-01
544,4.918860e+02,6.245280e+02,9.999457e-01
545,4.928760e+02,6.245280e+02,9.999457e-01
546,5.037660e+02,6.245280e+02,9.999457e-01
547,5.047560e+02,6.245280e+02,9.999457e-01
548,5.057460e+02,6.245280e+02,9.999457e-01
549,5.215860e+02,6.245280e+02,9.999457e-01
550,5.225760e+02,6.245280e+02,9.999457e-01
551,5.285160e+02,6.245280e+02,9.999457e-01
552,5.295060e+02,6.245280e+02,9.999457e-01
553,4.859460e+02,6.235380e+02,9.999457e-01
554,4.869360e+02,6.235380e+02,9.999457e-01
555,4.879260e+02,6.235380e+02,9.999457e-01
556,4.889160e+02,6.235380e+02,9.999457e-01
557,4.899060e+02,6.235380e+02,9.999457e-01
558,4.908960e+02,6.235380e+02,9.999457e-01
559,4.918860e+02,6.235380e+02,9.999457e-01
560,4.928760e+02,6.235380e+02,9.999457e-01
561,4.938660e+02,6.235380e+02,9.999457e-01
562,5.007960e+02,6.235380e+02,9.999457e-01
563,5.017860e+02,6.235380e+02,9.999457e-01
564,5.027760e+02,6.235380e+02,9.999457e-01
565,5.037660e+02,6.235380e+02,9.999457e-01
566,5.047560e+02,6.235380e+02,9.999457e-01
567,5.057460e+02,6.235380e+02,9.999457e-01
568,5.205960e+02,6.235380e+02,9.999457e-01
569,5.215860e+02,6.235380e+02,9.999457e-01
570,5.225760e+02,6.235380e+02,9.999457e-01
571,5.285160e+02,6.235380e+02,9.999457e-01
572,4.859460e+02,6.225480e+02,9.999457e-01
573,4.869360e+02,6.225480e+02,9.999457e-01
574,4.879260e+02,6.225480e+02,9.999457e-01
575,4.889160e+02,6.225480e+02,9.999457e-01
576,4.899060e+02,6.225480e+02,9.999457e-01
577,4.908960e+02,6.225480e+02,9.999457e-01
578,4.918860e+02,6.225480e+02,9.999457e-01
579,4.928760e+02,6.225480e+02,9.999457e-01
580,4.938660e+02,6.225480e+02,9.999457e-01
581,5.007960e+02,6.225480e+02,9.999457e-01
582,5.017860e+02,6.225480e+02,9.999457e-01
583,5.027760e+02,6.225480e+02,9.999457e-01
584,5.037660e+02,6.225480e+02,9.999457e-01
585,5.047560e+02,6.225480e+02,9.999457e-01
586,5.057460e+02,6.225480e+02,9.999457e-01
587,5.196060e+02,6.225480e+02,9.999457e-01
588,5.205960e+02,6.225480e+02,9.999457e-01
589,5.215860e+02,6.225480e+02,9.999457e-01
590,5.225760e+02,6.225480e+02,9.999457e-01
591,5.235660e+02,6.225480e+02,9.999457e-01
592,5.285160e+02,6.225480e+02,9.999457e-01
593,4.869360e+02,6.215580e+02,9.999457e-01
594,4.879260e+02,6.215580e+02,9.999457e-01
595,4.889160e+02,6.215580e+02,9.999457e-01
596,4.899060e+02,6.215580e+02,9.999457e-01
597,4.908960e+02,6.215580e+02,9.999457e-01
598,4.918860e+02,6.215580e+02,9.999457e-01
599,4.928760e+02,6.215580e+02,9.999457e-01
600,4.938660e+02,6.215580e+02,9.999457e-01
601,5.007960e+02,6.215580e+02,9.999457e-01
602,5.017860e+02,6.215580e+02,9.999457e-01
603,5.027760e+02,6.215580e+02,9.999457e-01
604,5.037660e+02,6.215580e+02,9.999457e-01
605,5.047560e+02,6.215580e+02,9.999457e-01
606,5.186160e+02,6.215580e+02,9.999457e-01
607,5.196060e+02,6.215580e+02,9.999457e-01
608,5.205960e+02,6.215580e+02,9.999457e-01
609,5.215860e+02,6.215580e+02,9.999457e-01
610,5.225760e+02,6.215580e+02,9.999457e-01
611,5.235660e+02,6.215580e+02,9.999457e-01
612,4.889160e+02,6.205680e+02,9.999457e-01
613,4.899060e+02,6.205680e+02,9.999457e-01
614,4.908960e+02,6.205680e+02,9.999457e-01
615,4.918860e+02,6.205680e+02,9.999457e-01
616,4.928760e+02,6.205680e+02,9.999457e-01
617,4.938660e+02,6.205680e+02,9.999457e-01
618,4.998060e+02,6.205680e+02,9.999457e-01
619,5.007960e+02,6.205680e+02,9.999457e-01
620,5.017860e+02,6.205680e+02,9.999457e-01
621,5.027760e+02,6.205680e+02,9.999457e-01
622,5.037660e+02,6.205680e+02,9.999457e-01
623,5.047560e+02,6.205680e+02,9.999457e-01
624,5.146560e+02,6.205680e+02,9.999457e-01
625,5.156460e+02,6.205680e+02,9.999457e-01
626,5.166360e+02,6.205680e+02,9.999457e-01
627,5.176260e+02,6.205680e+02,9.999457e-01
628,5.186160e+02,6.205680e+02,9.999457e-01
629,5.196060e+02,6.205680e+02,9.999457e-01
630,5.205960e+02,6.205680e+02,9.999457e-01
631,5.215860e+02,6.205680e+02,9.999457e-01
632,5.225760e+02,6.205680e+02,9.999457e-01
633,5.235660e+02,6.205680e+02,9.999457e-01
634,4.889160e+02,6.195780e+02,9.999457e-01
635,4.899060e+02,6.195780e+02,9.999457e-01
636,4.908960e+02,6.195780e+02,9.999457e-01
637,4.918860e+02,6.195780e+02,9.999457e-01
638,4.928760e+02,6.195780e+02,9.999457e-01
639,4.998060e+02,6.195780e+02,9.999457e-01
640,5.007960e+02,6.195780e+02,9.999457e-01
641,5.017860e+02,6.195780e+02,9.999457e-01
642,5.027760e+02,6.195780e+02,9.999457e-01
643,5.037660e+02,6.195780e+02,9.999457e-01
644,5.047560e+02,6.195780e+02,9.999457e-01
645,5.106960e+02,6.195780e+02,9.999457e-01
646,5.116860e+02,6.195780e+02,9.999457e-01
647,5.126760e+02,6.195780e+02,9.999457e-01
648,5.136660e+02,6.195780e+02,9.999457e-01
649,5.146560e+02,6.195780e+02,9.999457e-01
650,5.156460e+02,6.195780e+02,9.999457e-01
651,5.166360e+02,6.195780e+02,9.999457e-01
652,5.176260e+02,6.195780e+02,9.999457e-01
653,5.186160e+02,6.195780e+02,9.999457e-01
654,5.196060e+02,6.195780e+02,9.999457e-01
655,5.205960e+02,6.195780e+02,9.999457e-01
656,5.215860e+02,6.195780e+02,9.999457e-01
657,5.225760e+02,6.195780e+02,9.999457e-01
658,5.235660e+02,6.195780e+02,9.999457e-01
659,4.899060e+02,6.185880e+02,9.999457e-01
660,4.908960e+02,6.185880e+02,9.999457e-01
661,4.918860e+02,6.185880e+02,9.999457e-01
662,4.978260e+02,6.185880e+02,9.999457e-01
663,4.988160e+02,6.185880e+02,9.999457e-01
664,4.998060e+02,6.185880e+02,9.999457e-01
665,5.007960e+02,6.185880e+02,9.999457e-01
666,5.017860e+02,6.185880e+02,9.999457e-01
667,5.027760e+02,6.185880e+02,9.999457e-01
668,5.037660e+02,6.185880e+02,9.999457e-01
669,5.097060e+02,6.185880e+02,9.999457e-01
670,5.106960e+02,6.185880e+02,9.999457e-01
671,5.116860e+02,6.185880e+02,9.999457e-01
672,5.126760e+02,6.185880e+02,9.999457e-01
673,5.136660e+02,6.185880e+02,9.999457e-01
674,5.146560e+02,6.185880e+02,9.999457e-01
675,5.156460e+02,6.185880e+02,9.999457e-01
676,5.166360e+02,6.185880e+02,9.999457e-01
677,5.176260e+02,6.185880e+02,9.999457e-01
678,5.186160e+02,6.185880e+02,9.999457e-01
679,5.196060e+02,6.185880e+02,9.999457e-01
680,5.205960e+02,6.185880e+02,9.999457e-01
681,5.215860e+02,6.185880e+02,9.999457e-01
682,5.225760e+02,6.185880e+02,9.999457e-01
683,4.968360e+02,6.175980e+02,9.999457e-01
684,4.978260e+02,6.175980e+02,9.999457e-01
685,4.988160e+02,6.175980e+02,9.999457e-01
686,4.998060e+02,6.175980e+02,9.999457e-01
687,5.007960e+02,6.175980e+02,9.999457e-01
688,5.017860e+02,6.175980e+02,9.999457e-01
689,5.027760e+02,6.175980e+02,9.999457e-01
690,5.037660e+02,6.175980e+02,9.999457e-01
691,5.047560e+02,6.175980e+02,9.999457e-01
692,5.087160e+02,6.175980e+02,9.999457e-01
693,5.097060e+02,6.175980e+02,9.999457e-01
694,5.106960e+02,6.175980e+02,9.999457e-01
695,5.116860e+02,6.175980e+02,9.999457e-01
696,5.126760e+02,6.175980e+02,9.999457e-01
697,5.136660e+02,6.175980e+02,9.999457e-01
698,5.146560e+02,6.175980e+02,9.999457e-01
699,5.156460e+02,6.175980e+02,9.999457e-01
700,5.166360e+02,6.175980e+02,9.999457e-01
701,5.176260e+02,6.175980e+02,9.999457e-01
702,5.186160e+02,6.175980e+02,9.999457e-01
703,5.196060e+02,6.175980e+02,9.999457e-01
704,5.205960e+02,6.175980e+02,9.999457e-01
705,5.215860e+02,6.175980e+02,9.999457e-01
706,5.225760e+02,6.175980e+02,9.999457e-01
707,4.968360e+02,6.166080e+02,9.999457e-01
708,4.978260e+02,6.166080e+02,9.999457e-01
709,4.988160e+02,6.166080e+02,9.999457e-01
710,4.998060e+02,6.166080e+02,9.999457e-01
711,5.007960e+02,6.166080e+02,9.999457e-01
712,5.017860e+02,6.166080e+02,9.999457e-01
713,5.027760e+02,6.166080e+02,9.999457e-01
714,5.037660e+02,6.166080e+02,9.999457e-01
715,5.047560e+02,6.166080e+02,9.999457e-01
716,5.077260e+02,6.166080e+02,9.999457e-01
717,5.087160e+02,6.166080e+02,9.999457e-01
718,5.097060e+02,6.166080e+02,9.999457e-01
719,5.106960e+02,6.166080e+02,9.999457e-01
720,5.116860e+02,6.166080e+02,9.999457e-01
721,5.126760e+02,6.166080e+02,9.999457e-01
722,5.136660e+02,6.166080e+02,9.999457e-01
723,5.146560e+02,6.166080e+02,9.999457e-01
724,5.156460e+02,6.166080e+02,9.999457e-01
725,5.166360e+02,6.166080e+02,9.999457e-01
726,5.176260e+02,6.166080e+02,9.999457e-01
727,5.186160e+02,6.166080e+02,9.999457e-01
728,5.196060e+02,6.166080e+02,9.999457e-01
729,5.205960e+02,6.166080e+02,9.999457e-01
730,5.215860e+02,6.166080e+02,9.999457e-01
731,5.225760e+02,6.166080e+02,9.999457e-01
732,4.958460e+02,6.156180e+02,9.999457e-01
733,4.968360e+02,6.156180e+02,9.999457e-01
734,4.978260e+02,6.156180e+02,9.999457e-01
735,4.988160e+02,6.156180e+02,9.999457e-01
736,4.998060e+02,6.156180e+02,9.999457e-01
737,5.007960e+02,6.156180e+02,9.999457e-01
738,5.017860e+02,6.156180e+02,9.999457e-01
739,5.027760e+02,6.156180e+02,9.999457e-01
740,5.037660e+02,6.156180e+02,9.999457e-01
741,5.047560e+02,6.156180e+02,9.999457e-01
742,5.077260e+02,6.156180e+02,9.999457e-01
743,5.087160e+02,6.156180e+02,9.999457e-01
744,5.097060e+02,6.156180e+02,9.999457e-01
745,5.106960e+02,6.156180e+02,9.999457e-01
746,5.116860e+02,6.156180e+02,9.999457e-01
747,5.126760e+02,6.156180e+02,9.999457e-01
748,5.136660e+02,6.156180e+02,9.999457e-01
749,5.146560e+02,6.156180e+02,9.999457e-01
750,5.156460e+02,6.156180e+02,9.999457e-01
751,5.166360e+02,6.156180e+02,9.999457e-01
752,5.176260e+02,6.156180e+02,9.999457e-01
753,5.186160e+02,6.156180e+02,9.999457e-01
754,5.196060e+02,6.156180e+02,9.999457e-01
755,5.205960e+02,6.156180e+02,9.999457e-01
756,5.215860e+02,6.156180e+02,9.999457e-01
757,5.225760e+02,6.156180e+02,9.999457e-01
758,4.978260e+02,6.146280e+02,9.999457e-01
759,4.988160e+02,6.146280e+02,9.999457e-01
760,4.998060e+02,6.146280e+02,9.999457e-01
761,5.007960e+02,6.146280e+02,9.999457e-01
762,5.017860e+02,6.146280e+02,9.999457e-01
763,5.027760e+02,6.146280e+02,9.999457e-01
764,5.037660e+02,6.146280e+02,9.999457e-01
765,5.097060e+02,6.146280e+02,9.999457e-01
766,5.106960e+02,6.146280e+02,9.999457e-01
767,5.116860e+02,6.146280e+02,9.999457e-01
768,5.126760e+02,6.146280e+02,9.999457e-01
769,5.136660e+02,6.146280e+02,9.999457e-01
770,5.146560e+02,6.146280e+02,9.999457e-01
771,5.156460e+02,6.146280e+02,9.999457e-01
772,5.166360e+02,6.146280e+02,9.999457e-01
773,5.176260e+02,6.146280e+02,9.999457e-01
774,5.186160e+02,6.146280e+02,9.999457e-01
775,5.196060e+02,6.146280e+02,9.999457e-01
776,5.205960e+02,6.146280e+02,9.999457e-01
777,5.215860e+02,6.146280e+02,9.999457e-01
778,5.225760e+02,6.146280e+02,9.999457e-01
779,5.007960e+02,6.136380e+02,9.999457e-01
780,5.017860e+02,6.136380e+02,9.999457e-01
781,5.027760e+02,6.136380e+02,9.999457e-01
782,5.037660e+02,6.136380e+02,9.999457e-01
783,5.087160e+02,6.136380e+02,9.999457e-01
784,5.097060e+02,6.136380e+02,9.999457e-01
785,5.106960e+02,6.136380e+02,9.999457e-01
786,5.116860e+02,6.136380e+02,9.999457e-01
787,5.126760e+02,6.136380e+02,9.999457e-01
788,5.136660e+02,6.136380e+02,9.999457e-01
789,5.146560e+02,6.136380e+02,9.999457e-01
790,5.156460e+02,6.136380e+02,9.999457e-01
791,5.166360e+02,6.136380e+02,9.999457e-01
792,5.176260e+02,6.136380e+02,9.999457e-01
793,5.186160e+02,6.136380e+02,9.999457e-01
794,5.196060e+02,6.136380e+02,9.999457e-01
795,5.205960e+02,6.136380e+02,9.999457e-01
796,5.215860e+02,6.136380e+02,9.999457e-01
797,5.225760e+02,6.136380e+02,9.999457e-01
798,5.007960e+02,6.126480e+02,9.999457e-01
799,5.027760e+02,6.126480e+02,9.999457e-01
800,5.087160e+02,6.126480e+02,9.999457e-01
801,5.097060e+02,6.126480e+02,9.999457e-01
802,5.106960e+02,6.126480e+02,9.999457e-01
803,5.116860e+02,6.126480e+02,9.999457e-01
804,5.126760e+02,6.126480e+02,9.999457e-01
805,5.136660e+02,6.126480e+02,9.999457e-01
806,5.146560e+02,6.126480e+02,9.999457e-01
807,5.156460e+02,6.126480e+02,9.999457e-01
808,5.166360e+02,6.126480e+02,9.999457e-01
809,5.176260e+02,6.126480e+02,9.999457e-01
810,5.186160e+02,6.126480e+02,9.999457e-01
811,5.196060e+02,6.126480e+02,9.999457e-01
812,5.205960e+02,6.126480e+02,9.999457e-01
813,5.215860e+02,6.126480e+02,9.999457e-01
814,5.225760e+02,6.126480e+02,9.999457e-01
815,5.077260e+02,6.116580e+02,9.999457e-01
816,5.087160e+02,6.116580e+02,9.999457e-01
817,5.097060e+02,6.116580e+02,9.999457e-01
818,5.106960e+02,6.116580e+02,9.999457e-01
819,5.116860e+02,6.116580e+02,9.999457e-01
820,5.126760e+02,6.116580e+02,9.999457e-01
821,5.136660e+02,6.116580e+02,9.999457e-01
822,5.146560e+02,6.116580e+02,9.999457e-01
823,5.156460e+02,6.116580e+02,9.999457e-01
824,5.166360e+02,6.116580e+02,9.999457e-01
825,5.176260e+02,6.116580e+02,9.999457e-01
826,5.186160e+02,6.116580e+02,9.999457e-01
827,5.196060e+02,6.116580e+02,9.999457e-01
828,5.205960e+02,6.116580e+02,9.999457e-01
829,5.215860e+02,6.116580e+02,9.999457e-01
830,5.225760e+02,6.116580e+02,9.999457e-01
831,6.007860e+02,6.116580e+02,1.000000e+00
832,6.017760e+02,6.116580e+02,1.000000e+00
833,6.027660e+02,6.116580e+02,1.000000e+00
834,5.077260e+02,6.106680e+02,9.999457e-01
835,5.087160e+02,6.106680e+02,9.999457e-01
836,5.097060e+02,6.106680e+02,9.999457e-01
837,5.106960e+02,6.106680e+02,9.999457e-01
838,5.116860e+02,6.106680e+02,9.999457e-01
839,5.126760e+02,6.106680e+02,9.999457e-01
840,5.136660e+02,6.106680e+02,9.999457e-01
841,5.146560e+02,6.106680e+02,9.999457e-01
842,5.156460e+02,6.106680e+02,9.999457e-01
843,5.166360e+02,6.106680e+02,9.999457e-01
844,5.176260e+02,6.106680e+02,9.999457e-01
845,5.186160e+02,6.106680e+02,9.999457e-01
846,5.196060e+02,6.106680e+02,9.999457e-01
847,5.205960e+02,6.106680e+02,9.999457e-01
848,5.215860e+02,6.106680e+02,9.999457e-01
849,5.997960e+02,6.106680e+02,1.000000e+00
850,6.007860e+02,6.106680e+02,1.000000e+00
851,6.017760e+02,6.106680e+02,1.000000e+00
852,6.027660e+02,6.106680e+02,1.000000e+00
853,6.037560e+02,6.106680e+02,1.000000e+00
854,5.067360e+02,6.096780e+02,9.999457e-01
855,5.077260e+02,6.096780e+02,9.999457e-01
856,5.087160e+02,6.096780e+02,9.999457e-01
857,5.097060e+02,6.096780e+02,9.999457e-01
858,5.106960e+02,6.096780e+02,9.999457e-01
859,5.116860e+02,6.096780e+02,9.999457e-01
860,5.126760e+02,6.096780e+02,9.999457e-01
861,5.136660e+02,6.096780e+02,9.999457e-01
862,5.146560e+02,6.096780e+02,9.999457e-01
863,5.156460e+02,6.096780e+02,9.999457e-01
864,5.166360e+02,6.096780e+02,9.999457e-01
865,5.176260e+02,6.096780e+02,9.999457e-01
866,5.186160e+02,6.096780e+02,9.999457e-01
867,5.196060e+02,6.096780e+02,9.999457e-01
868,5.205960e+02,6.096780e+02,9.999457e-01
869,5.997960e+02,6.096780e+02,1.000000e+00
870,6.007860e+02,6.096780e+02,1.000000e+00
871,6.017760e+02,6.096780e+02,1.000000e+00
872,6.027660e+02,6.096780e+02,1.000000e+00
873,6.037560e+02,6.096780e+02,1.000000e+00
874,6.116760e+02,6.096780e+02,1.000000e+00
875,6.126660e+02,6.096780e+02,1.000000e+00
876,5.067360e+02,6.086880e+02,9.999457e-01
877,5.077260e+02,6.086880e+02,9.999457e-01
878,5.087160e+02,6.086880e+02,9.999457e-01
879,5.097060e+02,6.086880e+02,9.999457e-01
880,5.106960e+02,6.086880e+02,9.999457e-01
881,5.116860e+02,6.086880e+02,9.999457e-01
882,5.126760e+02,6.086880e+02,9.999457e-01
883,5.136660e+02,6.086880e+02,9.999457e-01
884,5.146560e+02,6.086880e+02,9.999457e-01
885,5.156460e+02,6.086880e+02,9.999457e-01
886,5.166360e+02,6.086880e+02,9.999457e-01
887,5.176260e+02,6.086880e+02,9.999457e-01
888,5.186160e+02,6.086880e+02,9.999457e-01
889,5.196060e+02,6.086880e+02,9.999457e-01
890,5.205960e+02,6.086880e+02,9.999457e-01
891,5.978160e+02,6.086880e+02,1.000000e+00
892,5.997960e+02,6.086880e+02,1.000000e+00
893,6.007860e+02,6.086880e+02,1.000000e+00
894,6.017760e+02,6.086880e+02,1.000000e+00
895,6.027660e+02,6.086880e+02,1.000000e+00
896,6.037560e+02,6.086880e+02,1.000000e+00
897,6.116760e+02,6.086880e+02,1.000000e+00
898,6.126660e+02,6.086880e+02,1.000000e+00
899,5.067360e+02,6.076980e+02,9.999457e-01
900,5.077260e+02,6.076980e+02,9.999457e-01
901,5.087160e+02,6.076980e+02,9.999457e-01
902,5.097060e+02,6.076980e+02,9.999457e-01
903,5.106960e+02,6.076980e+02,9.999457e-01
904,5.116860e+02,6.076980e+02,9.999457e-01
905,5.126760e+02,6.076980e+02,9.999457e-01
906,5.136660e+02,6.076980e+02,9.999457e-01
907,5.146560e+02,6.076980e+02,9.999457e-01
908,5.156460e+02,6.076980e+02,9.999457e-01
909,5.166360e+02,6.076980e+02,9.999457e-01
910,5.176260e+02,6.076980e+02,9.999457e-01
911,5.186160e+02,6.076980e+02,9.999457e-01
912,5.196060e+02,6.076980e+02,9.999457e-01
913,5.205960e+02,6.076980e+02,9.999457e-01
914,5.215860e+02,6.076980e+02,9.999457e-01
915,5.978160e+02,6.076980e+02,1.000000e+00
916,5.997960e+02,6.076980e+02,1.000000e+00
917,6.027660e+02,6.076980e+02,1.000000e+00
918,6.037560e+02,6.076980e+02,1.000000e+00
919,5.067360e+02,6.067080e+02,9.999457e-01
920,5.077260e+02,6.067080e+02,9.999457e-01
921,5.087160e+02,6.067080e+02,9.999457e-01
922,5.097060e+02,6.067080e+02,9.999457e-01
923,5.106960e+02,6.067080e+02,9.999457e-01
924,5.116860e+02,6.067080e+02,9.999457e-01
925,5.126760e+02,6.067080e+02,9.999457e-01
926,5.136660e+02,6.067080e+02,9.999457e-01
927,5.146560e+02,6.067080e+02,9.999457e-01
928,5.156460e+02,6.067080e+02,9.999457e-01
929,5.166360e+02,6.067080e+02,9.999457e-01
930,5.176260e+02,6.067080e+02,9.999457e-01
931,5.186160e+02,6.067080e+02,9.999457e-01
932,5.196060e+02,6.067080e+02,9.999457e-01
933,5.205960e+02,6.067080e+02,9.999457e-01
934,5.215860e+02,6.067080e+02,9.999457e-01
935,5.720760e+02,6.067080e+02,1.000000e+00
936,5.730660e+02,6.067080e+02,1.000000e+00
937,5.740560e+02,6.067080e+02,1.000000e+00
938,5.750460e+02,6.067080e+02,1.000000e+00
939,5.760360e+02,6.067080e+02,1.000000e+00
940,5.770260e+02,6.067080e+02,1.000000e+00
941,6.027660e+02,6.067080e+02,1.000000e+00
942,6.037560e+02,6.067080e+02,1.000000e+00
943,6.047460e+02,6.067080e+02,1.000000e+00
944,6.077160e+02,6.067080e+02,1.000000e+00
945,6.087060e+02,6.067080e+02,1.000000e+00
946,5.730660e+02,6.057180e+02,1.000000e+00
947,5.740560e+02,6.057180e+02,1.000000e+00
948,5.750460e+02,6.057180e+02,1.000000e+00
949,5.760360e+02,6.057180e+02,1.000000e+00
950,5.770260e+02,6.057180e+02,1.000000e+00
951,5.780160e+02,6.057180e+02,1.000000e+00
952,5.819760e+02,6.057180e+02,1.000000e+00
953,5.829660e+02,6.057180e+02,1.000000e+00
954,5.839560e+02,6.057180e+02,1.000000e+00
955,5.849460e+02,6.057180e+02,1.000000e+00
956,5.859360e+02,6.057180e+02,1.000000e+00
957,6.027660e+02,6.057180e+02,1.000000e+00
958,6.037560e+02,6.057180e+02,1.000000e+00
959,6.047460e+02,6.057180e+02,1.000000e+00
960,6.067260e+02,6.057180e+02,1.000000e+00
961,6.077160e+02,6.057180e+02,1.000000e+00
962,6.087060e+02,6.057180e+02,1.000000e+00
963,5.740560e+02,6.047280e+02,1.000000e+00
964,5.750460e+02,6.047280e+02,1.000000e+00
965,5.760360e+02,6.047280e+02,1.000000e+00
966,5.770260e+02,6.047280e+02,1.000000e+00
967,5.780160e+02,6.047280e+02,1.000000e+00
968,5.849460e+02,6.047280e+02,1.000000e+00
969,5.859360e+02,6.047280e+02,1.000000e+00
970,5.869260e+02,6.047280e+02,1.000000e+00
971,5.879160e+02,6.047280e+02,1.000000e+00
972,5.889060e+02,6.047280e+02,1.000000e+00
973,6.027660e+02,6.047280e+02,1.000000e+00
974,6.037560e+02,6.047280e+02,1.000000e+00
975,6.047460e+02,6.047280e+02,1.000000e+00
976,6.067260e+02,6.047280e+02,1.000000e+00
977,6.077160e+02,6.047280e+02,1.000000e+00
978,6.087060e+02,6.047280e+02,1.000000e+00
979,5.750460e+02,6.037380e+02,1.000000e+00
980,5.760360e+02,6.037380e+02,1.000000e+00
981,5.770260e+02,6.037380e+02,1.000000e+00
982,5.780160e+02,6.037380e+02,1.000000e+00
983,5.849460e+02,6.037380e+02,1.000000e+00
984,5.859360e+02,6.037380e+02,1.000000e+00
985,5.869260e+02,6.037380e+02,1.000000e+00
986,5.879160e+02,6.037380e+02,1.000000e+00
987,5.889060e+02,6.037380e+02,1.000000e+00
988,5.908860e+02,6.037380e+02,1.000000e+00
989,5.918760e+02,6.037380e+02,1.000000e+00
990,5.928660e+02,6.037380e+02,1.000000e+00
991,5.938560e+02,6.037380e+02,1.000000e+00
992,5.948460e+02,6.037380e+02,1.000000e+00
993,5.958360e+02,6.037380e+02,1.000000e+00
994,5.968260e+02,6.037380e+02,1.000000e+00
995,6.027660e+02,6.037380e+02,1.000000e+00
996,6.037560e+02,6.037380e+02,1.000000e+00
997,6.047460e+02,6.037380e+02,1.000000e+00
998,6.077160e+02,6.037380e+02,1.000000e+00
999,6.087060e+02,6.037380e+02,1.000000e+00
1000,6.096960e+02,6.037380e+02,1.000000e+00
1001,5.760360e+02,6.027480e+02,1.000000e+00
1002,5.770260e+02,6.027480e+02,1.000000e+00
1003,5.780160e+02,6.027480e+02,1.000000e+00
1004,5.790060e+02,6.027480e+02,1.000000e+00
1005,5.849460e+02,6.027480e+02,1.000000e+00
1006,5.859360e+02,6.027480e+02,1.000000e+00
1007,5.869260e+02,6.027480e+02,1.000000e+00
1008,5.879160e+02,6.027480e+02,1.000000e+00
1009,5.908860e+02,6.027480e+02,1.000000e+00
1010,5.918760e+02,6.027480e+02,1.000000e+00
1011,5.928660e+02,6.027480e+02,1.000000e+00
1012,5.938560e+02,6.027480e+02,1.000000e+00
1013,5.948460e+02,6.027480e+02,1.000000e+00
1014,5.958360e+02,6.027480e+02,1.000000e+00
1015,6.027660e+02,6.027480e+02,1.000000e+00
1016,6.037560e+02,6.027480e+02,1.000000e+00
1017,6.047460e+02,6.027480e+02,1.000000e+00
1018,6.067260e+02,6.027480e+02,1.000000e+00
1019,6.077160e+02,6.027480e+02,1.000000e+00
1020,6.087060e+02,6.027480e+02,1.000000e+00
1021,6.096960e+02,6.027480e+02,1.000000e+00
1022,5.770260e+02,6.017580e+02,1.000000e+00
1023,5.780160e+02,6.017580e+02,1.000000e+00
1024,5.849460e+02,6.017580e+02,1.000000e+00
1025,5.859360e+02,6.017580e+02,1.000000e+00
1026,5.869260e+02,6.017580e+02,1.000000e+00
1027,5.879160e+02,6.017580e+02,1.000000e+00
1028,5.898960e+02,6.017580e+02,1.000000e+00
1029,5.908860e+02,6.017580e+02,1.000000e+00
1030,5.918760e+02,6.017580e+02,1.000000e+00
1031,5.938560e+02,6.017580e+02,1.000000e+00
1032,5.948460e+02,6.017580e+02,1.000000e+00
1033,5.958360e+02,6.017580e+02,1.000000e+00
1034,6.037560e+02,6.017580e+02,1.000000e+00
1035,6.067260e+02,6.017580e+02,1.000000e+00
1036,6.077160e+02,6.017580e+02,1.000000e+00
1037,6.087060e+02,6.017580e+02,1.000000e+00
1038,6.116760e+02,6.017580e+02,1.000000e+00
1039,5.869260e+02,6.007680e+02,1.000000e+00
1040,5.889060e+02,6.007680e+02,1.000000e+00
1041,5.898960e+02,6.007680e+02,1.000000e+00
1042,5.908860e+02,6.007680e+02,1.000000e+00
1043,5.918760e+02,6.007680e+02,1.000000e+00
1044,5.938560e+02,6.007680e+02,1.000000e+00
1045,5.948460e+02,6.007680e+02,1.000000e+00
1046,6.057360e+02,6.007680e+02,1.000000e+00
1047,6.067260e+02,6.007680e+02,1.000000e+00
1048,6.077160e+02,6.007680e+02,1.000000e+00
1049,6.087060e+02,6.007680e+02,1.000000e+00
1050,6.096960e+02,6.007680e+02,1.000000e+00
1051,6.106860e+02,6.007680e+02,1.000000e+00
1052,6.116760e+02,6.007680e+02,1.000000e+00
1053,5.889060e+02,5.997780e+02,1.000000e+00
1054,5.898960e+02,5.997780e+02,1.000000e+00
1055,6.067260e+02,5.997780e+02,1.000000e+00
1056,6.077160e+02,5.997780e+02,1.000000e+00
1057,6.087060e+02,5.997780e+02,1.000000e+00
1058,6.096960e+02,5.997780e+02,1.000000e+00
1059,6.106860e+02,5.997780e+02,1.000000e+00
1060,6.116760e+02,5.997780e+02,1.000000e+00
1061,6.067260e+02,5.987880e+02,1.000000e+00
1062,6.077160e+02,5.987880e+02,1.000000e+00
1063,6.087060e+02,5.987880e+02,1.000000e+00
1064,6.096960e+02,5.987880e+02,1.000000e+00
1065,6.106860e+02,5.987880e+02,1.000000e+00
1066,6.116760e+02,5.987880e+02,1.000000e+00
1067,6.126660e+02,5.987880e+02,1.000000e+00
1068,6.077160e+02,5.977980e+02,1.000000e+00
1069,6.087060e+02,5.977980e+02,1.000000e+00
1070,6.096960e+02,5.977980e+02,1.000000e+00
1071,6.106860e+02,5.977980e+02,1.000000e+00
1072,6.116760e+02,5.977980e+02,1.000000e+00
1073,6.126660e+02,5.977980e+02,1.000000e+00
1074,6.106860e+02,5.968080e+02,1.000000e+00
1075,6.116760e+02,5.968080e+02,1.000000e+00
1076,6.126660e+02,5.968080e+02,1.000000e+00
1077,5.968260e+02,5.908680e+02,1.000000e+00
