index,x,y,flow
0,4.602060e+02,7.354080e+02,7.245629e-10
1,4.592160e+02,7.344180e+02,2.407145e-10
2,4.602060e+02,7.344180e+02,1.316798e-09
3,4.611960e+02,7.344180e+02,1.309986e-09
4,4.621860e+02,7.344180e+02,1.515623e-09
5,4.631760e+02,7.344180e+02,2.095864e-09
6,4.641660e+02,7.344180e+02,2.630019e-09
7,4.582260e+02,7.334280e+02,1.570720e-10
8,4.592160e+02,7.334280e+02,1.644890e-10
9,4.602060e+02,7.334280e+02,1.365536e-09
10,4.611960e+02,7.334280e+02,1.989562e-09
11,4.621860e+02,7.334280e+02,1.976404e-09
12,4.631760e+02,7.334280e+02,4.046372e-10
13,4.592160e+02,7.324380e+02,1.827948e-09
14,4.602060e+02,7.324380e+02,2.147617e-09
15,4.611960e+02,7.324380e+02,2.364101e-09
16,4.621860e+02,7.324380e+02,2.203833e-09
17,4.592160e+02,7.314480e+02,2.370690e-09
18,4.602060e+02,7.314480e+02,2.823217e-09
19,4.611960e+02,7.314480e+02,2.842268e-09
20,4.621860e+02,7.314480e+02,1.806961e-09
21,4.592160e+02,7.304580e+02,3.930870e-09
22,4.602060e+02,7.304580e+02,3.813904e-09
23,4.611960e+02,7.304580e+02,3.581997e-09
24,4.621860e+02,7.304580e+02,3.123804e-09
25,5.077260e+02,7.304580e+02,3.837988e-09
26,4.592160e+02,7.294680e+02,3.349554e-09
27,4.602060e+02,7.294680e+02,3.005559e-09
28,5.077260e+02,7.294680e+02,4.187279e-09
29,5.087160e+02,7.294680e+02,3.155236e-09
30,5.097060e+02,7.294680e+02,1.648106e-09
31,4.602060e+02,7.284780e+02,3.708579e-09
32,5.087160e+02,7.284780e+02,2.330175e-09
33,5.097060e+02,7.284780e+02,2.666708e-09
34,5.106960e+02,7.284780e+02,1.629768e-09
35,5.087160e+02,7.274880e+02,2.577353e-09
36,5.097060e+02,7.274880e+02,2.519129e-09
37,5.106960e+02,7.274880e+02,2.337891e-09
38,5.116860e+02,7.274880e+02,1.920091e-09
39,5.126760e+02,7.274880e+02,1.254405e-09
40,5.097060e+02,7.264980e+02,2.832609e-09
41,5.106960e+02,7.264980e+02,2.401153e-09
42,5.116860e+02,7.264980e+02,2.063512e-09
43,5.126760e+02,7.264980e+02,1.841010e-09
44,5.136660e+02,7.264980e+02,1.689978e-09
45,5.146560e+02,7.264980e+02,1.611684e-09
46,5.156460e+02,7.264980e+02,1.589536e-09
47,5.166360e+02,7.264980e+02,1.645886e-09
48,5.106960e+02,7.255080e+02,2.395280e-09
49,5.116860e+02,7.255080e+02,2.124233e-09
50,5.126760e+02,7.255080e+02,1.987485e-09
51,5.136660e+02,7.255080e+02,1.908684e-09
52,5.146560e+02,7.255080e+02,1.910097e-09
53,5.156460e+02,7.255080e+02,2.069834e-09
54,5.106960e+02,7.245180e+02,2.407085e-09
55,5.116860e+02,7.245180e+02,2.193835e-09
56,5.126760e+02,7.245180e+02,2.106471e-09
57,5.136660e+02,7.245180e+02,2.112405e-09
58,5.146560e+02,7.245180e+02,2.225696e-09
59,5.156460e+02,7.245180e+02,2.585911e-09
60,5.106960e+02,7.235280e+02,2.494526e-09
61,5.116860e+02,7.235280e+02,2.297104e-09
62,5.126760e+02,7.235280e+02,2.249849e-09
63,5.136660e+02,7.235280e+02,2.340170e-09
64,5.146560e+02,7.235280e+02,2.606216e-09
65,5.156460e+02,7.235280e+02,3.283486e-09
66,5.097060e+02,7.225380e+02,3.516271e-09
67,5.106960e+02,7.225380e+02,2.712740e-09
68,5.116860e+02,7.225380e+02,2.451162e-09
69,5.126760e+02,7.225380e+02,2.435683e-09
70,5.136660e+02,7.225380e+02,2.631224e-09
71,5.146560e+02,7.225380e+02,3.132428e-09
72,5.106960e+02,7.215480e+02,3.021398e-09
73,5.116860e+02,7.215480e+02,2.665049e-09
74,5.126760e+02,7.215480e+02,2.686010e-09
75,5.136660e+02,7.215480e+02,3.051683e-09
76,5.146560e+02,7.215480e+02,3.921077e-09
77,5.106960e+02,7.205580e+02,3.371717e-09
78,5.116860e+02,7.205580e+02,2.975017e-09
79,5.126760e+02,7.205580e+02,3.068283e-09
80,5.116860e+02,7.195680e+02,3.452307e-09
81,4.423860e+02,7.156080e+02,5.555396e-12
82,4.433760e+02,7.156080e+02,5.722128e-12
83,4.423860e+02,7.146180e+02,8.330523e-12
84,4.433760e+02,7.146180e+02,5.162334e-12
85,4.443660e+02,7.146180e+02,2.839521e-11
86,5.403960e+02,7.096680e+02,3.641710e-08
87,5.364360e+02,7.017480e+02,6.128897e-08
88,6.116760e+02,6.760080e+02,1.804086e-15
89,6.126660e+02,6.760080e+02,1.484771e-15
90,6.116760e+02,6.750180e+02,5.169155e-16
91,6.126660e+02,6.750180e+02,2.100995e-15
92,4.394160e+02,6.552180e+02,1.233512e-08
93,4.404060e+02,6.552180e+02,2.279056e-08
94,4.413960e+02,6.552180e+02,2.224028e-08
95,4.364460e+02,6.542280e+02,6.812663e-09
96,4.374360e+02,6.542280e+02,9.148863e-09
97,4.384260e+02,6.542280e+02,1.239632e-08
98,4.394160e+02,6.542280e+02,1.357069e-08
99,4.404060e+02,6.542280e+02,4.647551e-09
100,4.413960e+02,6.542280e+02,1.231168e-08
101,4.354560e+02,6.532380e+02,5.006886e-09
102,4.364460e+02,6.532380e+02,7.050583e-09
103,4.374360e+02,6.532380e+02,7.835855e-09
104,4.384260e+02,6.532380e+02,6.065238e-09
105,4.394160e+02,6.532380e+02,8.039324e-10
106,5.314860e+02,6.532380e+02,6.066007e-07
107,5.324760e+02,6.532380e+02,1.141522e-06
108,5.334660e+02,6.532380e+02,1.205803e-06
109,5.344560e+02,6.532380e+02,1.251448e-06
110,4.354560e+02,6.522480e+02,5.452390e-09
111,4.364460e+02,6.522480e+02,6.918632e-09
112,4.374360e+02,6.522480e+02,3.978903e-09
113,5.304960e+02,6.522480e+02,6.679722e-07
114,5.314860e+02,6.522480e+02,8.731385e-07
115,5.324760e+02,6.522480e+02,9.796847e-07
116,5.334660e+02,6.522480e+02,1.014077e-06
117,5.344560e+02,6.522480e+02,1.008579e-06
118,5.354460e+02,6.522480e+02,9.729906e-07
119,4.354560e+02,6.512580e+02,5.594294e-09
120,4.364460e+02,6.512580e+02,6.547141e-09
121,4.374360e+02,6.512580e+02,6.432818e-09
122,5.295060e+02,6.512580e+02,5.804911e-07
123,5.304960e+02,6.512580e+02,6.779395e-07
124,5.314860e+02,6.512580e+02,7.522743e-07
125,5.324760e+02,6.512580e+02,7.910375e-07
126,5.334660e+02,6.512580e+02,7.930956e-07
127,5.344560e+02,6.512580e+02,7.586517e-07
128,5.354460e+02,6.512580e+02,6.962262e-07
129,5.364360e+02,6.512580e+02,6.230417e-07
130,4.354560e+02,6.502680e+02,5.679489e-09
131,4.364460e+02,6.502680e+02,3.451953e-09
132,4.374360e+02,6.502680e+02,1.190279e-09
133,5.295060e+02,6.502680e+02,5.447593e-07
134,5.304960e+02,6.502680e+02,6.189883e-07
135,5.314860e+02,6.502680e+02,6.661154e-07
136,5.324760e+02,6.502680e+02,6.858298e-07
137,5.334660e+02,6.502680e+02,6.684998e-07
138,5.344560e+02,6.502680e+02,4.951652e-07
139,5.354460e+02,6.502680e+02,3.522511e-07
140,6.027660e+02,6.502680e+02,2.235803e-13
141,6.037560e+02,6.502680e+02,1.858991e-13
142,4.354560e+02,6.492780e+02,5.489182e-09
143,4.364460e+02,6.492780e+02,6.401571e-09
144,4.374360e+02,6.492780e+02,4.556819e-09
145,5.285160e+02,6.492780e+02,4.436406e-07
146,5.295060e+02,6.492780e+02,5.243495e-07
147,5.304960e+02,6.492780e+02,5.840168e-07
148,5.314860e+02,6.492780e+02,6.144358e-07
149,5.324760e+02,6.492780e+02,6.153547e-07
150,5.334660e+02,6.492780e+02,5.240395e-07
151,6.037560e+02,6.492780e+02,5.344045e-13
152,4.354560e+02,6.482880e+02,5.320182e-09
153,4.364460e+02,6.482880e+02,6.186343e-09
154,4.374360e+02,6.482880e+02,3.998831e-09
155,5.275260e+02,6.482880e+02,3.195597e-07
156,5.285160e+02,6.482880e+02,4.402190e-07
157,5.295060e+02,6.482880e+02,5.063863e-07
158,5.304960e+02,6.482880e+02,5.502531e-07
159,5.314860e+02,6.482880e+02,5.682918e-07
160,5.324760e+02,6.482880e+02,4.925579e-07
161,6.017760e+02,6.482880e+02,7.993789e-13
162,6.027660e+02,6.482880e+02,6.611922e-13
163,6.037560e+02,6.482880e+02,8.519938e-13
164,6.047460e+02,6.482880e+02,4.303583e-13
165,4.354560e+02,6.472980e+02,5.180318e-09
166,4.364460e+02,6.472980e+02,4.762804e-09
167,4.374360e+02,6.472980e+02,1.073948e-09
168,5.275260e+02,6.472980e+02,3.671593e-07
169,5.285160e+02,6.472980e+02,4.351250e-07
170,5.295060e+02,6.472980e+02,4.884524e-07
171,5.304960e+02,6.472980e+02,5.195878e-07
172,5.314860e+02,6.472980e+02,5.244242e-07
173,5.324760e+02,6.472980e+02,4.341982e-07
174,6.017760e+02,6.472980e+02,1.318376e-12
175,6.027660e+02,6.472980e+02,1.046251e-12
176,6.037560e+02,6.472980e+02,1.041813e-12
177,6.047460e+02,6.472980e+02,7.992739e-13
178,6.057360e+02,6.472980e+02,6.722165e-13
179,6.067260e+02,6.472980e+02,6.058643e-13
180,6.077160e+02,6.472980e+02,4.773175e-13
181,6.087060e+02,6.472980e+02,3.913192e-13
182,6.096960e+02,6.472980e+02,2.386224e-13
183,4.354560e+02,6.463080e+02,4.965952e-09
184,4.364460e+02,6.463080e+02,5.944054e-09
185,5.265360e+02,6.463080e+02,2.769024e-07
186,5.275260e+02,6.463080e+02,3.639450e-07
187,5.285160e+02,6.463080e+02,4.202163e-07
188,5.295060e+02,6.463080e+02,4.615596e-07
189,5.304960e+02,6.463080e+02,4.844532e-07
190,6.017760e+02,6.463080e+02,2.011184e-12
191,6.027660e+02,6.463080e+02,1.290848e-12
192,6.037560e+02,6.463080e+02,1.083996e-12
193,6.047460e+02,6.463080e+02,9.209567e-13
194,6.057360e+02,6.463080e+02,8.122489e-13
195,6.067260e+02,6.463080e+02,9.204337e-13
196,6.077160e+02,6.463080e+02,7.400534e-13
197,6.087060e+02,6.463080e+02,6.500973e-13
198,4.354560e+02,6.453180e+02,4.693737e-09
199,4.364460e+02,6.453180e+02,5.826027e-09
200,5.255460e+02,6.453180e+02,2.194351e-07
201,5.265360e+02,6.453180e+02,3.041651e-07
202,5.275260e+02,6.453180e+02,3.527926e-07
203,5.285160e+02,6.453180e+02,3.934795e-07
204,5.295060e+02,6.453180e+02,4.217205e-07
205,5.304960e+02,6.453180e+02,4.339543e-07
206,6.017760e+02,6.453180e+02,1.789237e-12
207,6.027660e+02,6.453180e+02,1.396576e-12
208,6.037560e+02,6.453180e+02,1.214021e-12
209,6.047460e+02,6.453180e+02,1.248584e-12
210,6.057360e+02,6.453180e+02,1.368650e-12
211,6.067260e+02,6.453180e+02,7.410713e-13
212,6.077160e+02,6.453180e+02,6.662507e-13
213,6.087060e+02,6.453180e+02,4.645674e-13
214,6.096960e+02,6.453180e+02,3.985343e-13
215,6.106860e+02,6.453180e+02,2.380718e-13
216,4.354560e+02,6.443280e+02,4.395032e-09
217,4.364460e+02,6.443280e+02,5.807480e-09
218,5.255460e+02,6.443280e+02,2.726346e-07
219,5.265360e+02,6.443280e+02,3.084681e-07
220,5.275260e+02,6.443280e+02,3.379319e-07
221,5.285160e+02,6.443280e+02,3.622392e-07
222,5.295060e+02,6.443280e+02,3.755491e-07
223,5.304960e+02,6.443280e+02,3.752941e-07
224,5.334660e+02,6.443280e+02,1.673646e-07
225,6.017760e+02,6.443280e+02,2.342648e-12
226,6.027660e+02,6.443280e+02,1.569167e-12
227,6.037560e+02,6.443280e+02,1.247414e-12
228,6.047460e+02,6.443280e+02,1.045523e-12
229,6.057360e+02,6.443280e+02,8.793473e-13
230,6.067260e+02,6.443280e+02,7.291789e-13
231,6.077160e+02,6.443280e+02,5.665933e-13
232,6.087060e+02,6.443280e+02,4.452483e-13
233,6.096960e+02,6.443280e+02,1.785186e-13
234,4.354560e+02,6.433380e+02,4.161078e-09
235,4.364460e+02,6.433380e+02,6.120447e-09
236,5.255460e+02,6.433380e+02,2.791908e-07
237,5.265360e+02,6.433380e+02,3.218710e-07
238,5.275260e+02,6.433380e+02,3.281107e-07
239,5.285160e+02,6.433380e+02,3.326936e-07
240,5.295060e+02,6.433380e+02,3.302418e-07
241,5.304960e+02,6.433380e+02,3.188024e-07
242,5.324760e+02,6.433380e+02,2.196457e-07
243,5.334660e+02,6.433380e+02,2.444315e-07
244,5.344560e+02,6.433380e+02,1.935146e-07
245,5.354460e+02,6.433380e+02,1.366928e-07
246,6.017760e+02,6.433380e+02,2.919988e-12
247,6.037560e+02,6.433380e+02,1.402813e-12
248,6.047460e+02,6.433380e+02,1.073176e-12
249,6.057360e+02,6.433380e+02,8.932765e-13
250,6.067260e+02,6.433380e+02,7.520011e-13
251,6.087060e+02,6.433380e+02,3.864080e-13
252,5.255460e+02,6.423480e+02,3.867850e-07
253,5.265360e+02,6.423480e+02,3.529562e-07
254,5.275260e+02,6.423480e+02,3.316325e-07
255,5.285160e+02,6.423480e+02,3.135576e-07
256,5.295060e+02,6.423480e+02,2.956077e-07
257,5.304960e+02,6.423480e+02,2.740648e-07
258,5.314860e+02,6.423480e+02,2.497133e-07
259,5.324760e+02,6.423480e+02,2.248541e-07
260,5.334660e+02,6.423480e+02,1.991792e-07
261,5.344560e+02,6.423480e+02,1.721902e-07
262,5.354460e+02,6.423480e+02,1.447874e-07
263,5.364360e+02,6.423480e+02,1.180757e-07
264,5.374260e+02,6.423480e+02,9.317021e-08
265,5.384160e+02,6.423480e+02,6.264902e-08
266,6.017760e+02,6.423480e+02,2.964919e-12
267,6.047460e+02,6.423480e+02,9.681870e-13
268,6.057360e+02,6.423480e+02,7.021184e-13
269,6.067260e+02,6.423480e+02,3.742401e-13
270,6.077160e+02,6.423480e+02,4.263994e-13
271,6.096960e+02,6.423480e+02,1.451947e-13
272,5.255460e+02,6.413580e+02,4.531868e-07
273,5.265360e+02,6.413580e+02,4.088110e-07
274,5.275260e+02,6.413580e+02,3.540860e-07
275,5.285160e+02,6.413580e+02,3.121047e-07
276,5.295060e+02,6.413580e+02,2.778010e-07
277,5.304960e+02,6.413580e+02,2.481121e-07
278,5.314860e+02,6.413580e+02,2.209933e-07
279,5.324760e+02,6.413580e+02,1.956322e-07
280,5.334660e+02,6.413580e+02,1.712117e-07
281,5.344560e+02,6.413580e+02,1.472840e-07
282,5.354460e+02,6.413580e+02,1.236346e-07
283,5.364360e+02,6.413580e+02,1.012278e-07
284,5.374260e+02,6.413580e+02,8.074030e-08
285,5.384160e+02,6.413580e+02,6.277902e-08
286,5.394060e+02,6.413580e+02,4.430251e-08
287,5.879160e+02,6.413580e+02,5.714082e-12
288,6.057360e+02,6.413580e+02,4.075495e-13
289,5.255460e+02,6.403680e+02,3.747475e-07
290,5.265360e+02,6.403680e+02,4.996385e-07
291,5.275260e+02,6.403680e+02,3.996632e-07
292,5.285160e+02,6.403680e+02,3.289318e-07
293,5.295060e+02,6.403680e+02,2.764740e-07
294,5.304960e+02,6.403680e+02,2.368833e-07
295,5.314860e+02,6.403680e+02,2.056173e-07
296,5.324760e+02,6.403680e+02,1.790505e-07
297,5.334660e+02,6.403680e+02,1.556015e-07
298,5.344560e+02,6.403680e+02,1.331238e-07
299,5.354460e+02,6.403680e+02,1.117176e-07
300,5.364360e+02,6.403680e+02,9.158764e-08
301,5.374260e+02,6.403680e+02,7.313485e-08
302,5.384160e+02,6.403680e+02,5.665006e-08
303,5.394060e+02,6.403680e+02,4.236103e-08
304,5.403960e+02,6.403680e+02,2.985153e-08
305,5.869260e+02,6.403680e+02,1.207048e-11
306,5.879160e+02,6.403680e+02,1.244605e-11
307,5.265360e+02,6.393780e+02,4.257998e-07
308,5.275260e+02,6.393780e+02,4.779133e-07
309,5.285160e+02,6.393780e+02,3.678764e-07
310,5.295060e+02,6.393780e+02,2.911167e-07
311,5.304960e+02,6.393780e+02,2.384265e-07
312,5.314860e+02,6.393780e+02,2.010729e-07
313,5.324760e+02,6.393780e+02,1.722982e-07
314,5.334660e+02,6.393780e+02,1.481804e-07
315,5.344560e+02,6.393780e+02,1.261010e-07
316,5.354460e+02,6.393780e+02,1.056628e-07
317,5.364360e+02,6.393780e+02,8.680271e-08
318,5.374260e+02,6.393780e+02,6.940665e-08
319,5.384160e+02,6.393780e+02,5.371834e-08
320,5.394060e+02,6.393780e+02,4.006676e-08
321,5.403960e+02,6.393780e+02,2.567921e-08
322,5.869260e+02,6.393780e+02,1.080709e-11
323,5.285160e+02,6.383880e+02,2.012883e-07
324,5.295060e+02,6.383880e+02,1.854806e-07
325,5.304960e+02,6.383880e+02,2.442991e-07
326,5.314860e+02,6.383880e+02,2.076933e-07
327,5.324760e+02,6.383880e+02,1.740946e-07
328,5.334660e+02,6.383880e+02,1.472594e-07
329,5.344560e+02,6.383880e+02,1.242032e-07
330,5.354460e+02,6.383880e+02,1.034479e-07
331,5.364360e+02,6.383880e+02,8.442724e-08
332,5.374260e+02,6.383880e+02,6.712277e-08
333,5.384160e+02,6.383880e+02,5.164936e-08
334,5.394060e+02,6.383880e+02,3.515999e-08
335,5.314860e+02,6.373980e+02,1.997403e-07
336,5.324760e+02,6.373980e+02,1.875505e-07
337,5.334660e+02,6.373980e+02,1.542814e-07
338,5.344560e+02,6.373980e+02,1.272820e-07
339,5.354460e+02,6.373980e+02,1.040764e-07
340,5.364360e+02,6.373980e+02,8.380441e-08
341,5.374260e+02,6.373980e+02,6.572303e-08
342,5.384160e+02,6.373980e+02,4.451561e-08
343,5.710860e+02,6.373980e+02,7.179900e-13
344,5.720760e+02,6.373980e+02,1.816098e-12
345,5.730660e+02,6.373980e+02,1.787166e-12
346,5.740560e+02,6.373980e+02,6.769827e-13
347,5.750460e+02,6.373980e+02,9.391294e-13
348,5.106960e+02,6.364080e+02,1.353137e-07
349,5.116860e+02,6.364080e+02,1.624931e-07
350,5.126760e+02,6.364080e+02,1.684566e-07
351,5.136660e+02,6.364080e+02,1.890418e-07
352,5.314860e+02,6.364080e+02,1.504873e-07
353,5.324760e+02,6.364080e+02,2.220160e-07
354,5.334660e+02,6.364080e+02,1.736356e-07
355,5.344560e+02,6.364080e+02,1.385431e-07
356,5.354460e+02,6.364080e+02,1.102155e-07
357,5.364360e+02,6.364080e+02,8.599706e-08
358,5.374260e+02,6.364080e+02,5.666250e-08
359,5.720760e+02,6.364080e+02,1.367704e-12
360,5.730660e+02,6.364080e+02,3.647264e-13
361,5.740560e+02,6.364080e+02,5.246514e-13
362,5.750460e+02,6.364080e+02,3.583053e-13
363,5.007960e+02,6.354180e+02,1.721238e-07
364,5.017860e+02,6.354180e+02,1.891153e-07
365,5.027760e+02,6.354180e+02,1.555562e-07
366,5.106960e+02,6.354180e+02,2.200798e-07
367,5.116860e+02,6.354180e+02,1.908179e-07
368,5.126760e+02,6.354180e+02,1.863030e-07
369,5.136660e+02,6.354180e+02,2.044733e-07
370,5.146560e+02,6.354180e+02,2.210295e-07
371,5.344560e+02,6.354180e+02,8.760857e-08
372,5.354460e+02,6.354180e+02,6.204008e-08
373,5.720760e+02,6.354180e+02,1.979934e-14
374,5.730660e+02,6.354180e+02,2.349510e-12
375,5.740560e+02,6.354180e+02,1.944469e-12
376,5.750460e+02,6.354180e+02,8.889543e-13
377,5.760360e+02,6.354180e+02,6.678567e-13
378,5.017860e+02,6.344280e+02,1.814345e-07
379,5.027760e+02,6.344280e+02,1.585524e-07
380,5.037660e+02,6.344280e+02,1.023598e-07
381,5.116860e+02,6.344280e+02,1.982270e-07
382,5.126760e+02,6.344280e+02,2.036131e-07
383,5.136660e+02,6.344280e+02,2.118194e-07
384,5.146560e+02,6.344280e+02,2.481191e-07
385,5.156460e+02,6.344280e+02,2.808118e-07
386,5.433660e+02,6.344280e+02,2.288278e-10
387,5.443560e+02,6.344280e+02,8.187163e-09
388,5.720760e+02,6.344280e+02,6.121702e-14
389,5.730660e+02,6.344280e+02,2.500993e-12
390,5.740560e+02,6.344280e+02,3.019147e-12
391,5.750460e+02,6.344280e+02,3.148582e-12
392,5.760360e+02,6.344280e+02,3.208187e-12
393,5.770260e+02,6.344280e+02,1.990854e-12
394,5.017860e+02,6.334380e+02,1.840398e-07
395,5.027760e+02,6.334380e+02,1.642093e-07
396,5.037660e+02,6.334380e+02,1.323532e-07
397,5.047560e+02,6.334380e+02,1.214620e-07
398,5.136660e+02,6.334380e+02,2.082907e-07
399,5.146560e+02,6.334380e+02,2.484630e-07
400,5.156460e+02,6.334380e+02,3.024553e-07
401,5.166360e+02,6.334380e+02,3.903059e-07
402,5.176260e+02,6.334380e+02,5.167713e-07
403,5.186160e+02,6.334380e+02,6.066565e-07
404,5.196060e+02,6.334380e+02,5.292229e-07
405,5.443560e+02,6.334380e+02,8.064495e-09
406,5.453460e+02,6.334380e+02,4.438387e-09
407,5.720760e+02,6.334380e+02,5.033274e-13
408,5.730660e+02,6.334380e+02,2.593471e-12
409,5.740560e+02,6.334380e+02,3.152285e-12
410,5.750460e+02,6.334380e+02,3.137676e-12
411,5.760360e+02,6.334380e+02,3.098762e-12
412,5.770260e+02,6.334380e+02,3.061174e-12
413,5.780160e+02,6.334380e+02,4.221949e-12
414,5.017860e+02,6.324480e+02,1.334416e-07
415,5.027760e+02,6.324480e+02,1.717157e-07
416,5.037660e+02,6.324480e+02,1.734687e-07
417,5.047560e+02,6.324480e+02,1.932190e-07
418,5.146560e+02,6.324480e+02,2.545465e-07
419,5.156460e+02,6.324480e+02,2.942707e-07
420,5.166360e+02,6.324480e+02,3.565782e-07
421,5.176260e+02,6.324480e+02,4.458598e-07
422,5.186160e+02,6.324480e+02,5.625923e-07
423,5.196060e+02,6.324480e+02,5.501251e-07
424,5.205960e+02,6.324480e+02,5.306301e-08
425,5.730660e+02,6.324480e+02,3.710462e-12
426,5.740560e+02,6.324480e+02,2.949420e-12
427,4.869360e+02,6.314580e+02,2.081833e-06
428,4.879260e+02,6.314580e+02,1.684612e-06
429,4.889160e+02,6.314580e+02,1.357351e-06
430,4.899060e+02,6.314580e+02,1.090838e-06
431,4.908960e+02,6.314580e+02,8.731191e-07
432,5.027760e+02,6.314580e+02,1.813675e-07
433,5.037660e+02,6.314580e+02,1.812344e-07
434,5.047560e+02,6.314580e+02,2.002353e-07
435,5.136660e+02,6.314580e+02,2.466954e-07
436,5.146560e+02,6.314580e+02,2.636367e-07
437,5.156460e+02,6.314580e+02,2.902927e-07
438,5.166360e+02,6.314580e+02,3.320383e-07
439,5.176260e+02,6.314580e+02,3.876940e-07
440,5.186160e+02,6.314580e+02,3.062229e-07
441,5.196060e+02,6.314580e+02,6.168925e-09
442,5.205960e+02,6.314580e+02,2.399353e-08
443,5.215860e+02,6.314580e+02,4.445972e-08
444,5.740560e+02,6.314580e+02,1.755825e-12
445,4.879260e+02,6.304680e+02,1.225141e-06
446,4.889160e+02,6.304680e+02,1.040952e-06
447,4.899060e+02,6.304680e+02,8.847102e-07
448,4.908960e+02,6.304680e+02,7.416330e-07
449,4.918860e+02,6.304680e+02,6.078385e-07
450,5.027760e+02,6.304680e+02,1.721869e-07
451,5.037660e+02,6.304680e+02,1.887501e-07
452,5.047560e+02,6.304680e+02,1.954249e-07
453,5.057460e+02,6.304680e+02,1.551240e-07
454,5.067360e+02,6.304680e+02,2.842306e-07
455,5.077260e+02,6.304680e+02,2.968187e-07
456,5.126760e+02,6.304680e+02,2.342652e-07
457,5.136660e+02,6.304680e+02,2.601180e-07
458,5.146560e+02,6.304680e+02,2.646956e-07
459,5.156460e+02,6.304680e+02,2.868650e-07
460,5.166360e+02,6.304680e+02,3.161539e-07
461,5.176260e+02,6.304680e+02,3.478240e-07
462,5.186160e+02,6.304680e+02,3.083075e-07
463,5.196060e+02,6.304680e+02,1.819681e-08
464,5.205960e+02,6.304680e+02,2.136778e-08
465,5.572260e+02,6.304680e+02,5.008429e-11
466,5.740560e+02,6.304680e+02,2.985825e-12
467,4.879260e+02,6.294780e+02,8.597368e-07
468,4.889160e+02,6.294780e+02,8.367087e-07
469,4.899060e+02,6.294780e+02,7.464531e-07
470,4.908960e+02,6.294780e+02,6.489103e-07
471,4.918860e+02,6.294780e+02,5.531693e-07
472,4.928760e+02,6.294780e+02,4.631641e-07
473,5.027760e+02,6.294780e+02,9.375469e-08
474,5.037660e+02,6.294780e+02,1.972753e-07
475,5.047560e+02,6.294780e+02,2.045640e-07
476,5.057460e+02,6.294780e+02,2.376461e-07
477,5.067360e+02,6.294780e+02,2.735357e-07
478,5.077260e+02,6.294780e+02,2.177518e-07
479,5.116860e+02,6.294780e+02,3.376669e-07
480,5.126760e+02,6.294780e+02,2.889671e-07
481,5.136660e+02,6.294780e+02,2.621612e-07
482,5.146560e+02,6.294780e+02,2.616629e-07
483,5.156460e+02,6.294780e+02,2.807617e-07
484,5.166360e+02,6.294780e+02,2.998139e-07
485,5.176260e+02,6.294780e+02,1.364341e-07
486,5.186160e+02,6.294780e+02,3.835896e-08
487,5.196060e+02,6.294780e+02,1.530655e-07
488,5.443560e+02,6.294780e+02,6.060284e-09
489,5.730660e+02,6.294780e+02,1.022865e-12
490,5.740560e+02,6.294780e+02,1.219081e-12
491,4.889160e+02,6.284880e+02,6.688966e-07
492,4.899060e+02,6.284880e+02,6.358855e-07
493,4.908960e+02,6.284880e+02,5.736051e-07
494,4.918860e+02,6.284880e+02,5.015911e-07
495,4.928760e+02,6.284880e+02,4.369318e-07
496,4.958460e+02,6.284880e+02,3.704375e-07
497,4.968360e+02,6.284880e+02,4.118093e-07
498,5.037660e+02,6.284880e+02,1.616430e-07
499,5.047560e+02,6.284880e+02,5.439279e-08
500,5.057460e+02,6.284880e+02,1.142334e-07
501,5.067360e+02,6.284880e+02,2.522713e-07
502,5.077260e+02,6.284880e+02,2.246897e-07
503,5.156460e+02,6.284880e+02,2.805727e-07
504,5.166360e+02,6.284880e+02,2.773071e-07
505,5.176260e+02,6.284880e+02,1.059784e-07
506,5.186160e+02,6.284880e+02,2.837096e-07
507,5.215860e+02,6.284880e+02,9.705695e-08
508,5.225760e+02,6.284880e+02,2.375922e-07
509,5.710860e+02,6.284880e+02,4.860585e-12
510,5.720760e+02,6.284880e+02,4.438665e-12
511,4.899060e+02,6.274980e+02,5.287136e-07
512,4.908960e+02,6.274980e+02,4.998534e-07
513,4.918860e+02,6.274980e+02,4.472246e-07
514,4.928760e+02,6.274980e+02,3.870972e-07
515,4.938660e+02,6.274980e+02,3.630849e-07
516,4.948560e+02,6.274980e+02,3.625826e-07
517,4.958460e+02,6.274980e+02,3.776525e-07
518,5.037660e+02,6.274980e+02,7.819751e-08
519,5.047560e+02,6.274980e+02,4.092409e-08
520,5.057460e+02,6.274980e+02,9.200829e-09
521,5.067360e+02,6.274980e+02,1.482437e-07
522,5.156460e+02,6.274980e+02,2.784988e-07
523,5.166360e+02,6.274980e+02,3.047482e-07
524,5.176260e+02,6.274980e+02,3.113514e-07
525,5.186160e+02,6.274980e+02,3.244904e-07
526,5.196060e+02,6.274980e+02,2.670402e-07
527,5.205960e+02,6.274980e+02,3.261960e-08
528,5.215860e+02,6.274980e+02,9.908126e-08
529,5.225760e+02,6.274980e+02,2.488349e-07
530,4.899060e+02,6.265080e+02,4.397621e-07
531,4.908960e+02,6.265080e+02,4.136663e-07
532,4.918860e+02,6.265080e+02,3.789276e-07
533,4.928760e+02,6.265080e+02,3.714701e-07
534,4.938660e+02,6.265080e+02,3.239729e-07
535,5.047560e+02,6.265080e+02,6.129151e-08
536,5.156460e+02,6.265080e+02,3.100538e-07
537,5.166360e+02,6.265080e+02,3.233614e-07
538,5.176260e+02,6.265080e+02,2.409194e-07
539,5.186160e+02,6.265080e+02,2.982814e-07
540,5.205960e+02,6.265080e+02,3.055960e-09
541,5.215860e+02,6.265080e+02,1.091714e-07
542,5.295060e+02,6.265080e+02,3.538723e-07
543,5.730660e+02,6.265080e+02,7.484018e-13
544,4.879260e+02,6.255180e+02,3.410512e-07
545,4.889160e+02,6.255180e+02,3.557400e-07
546,4.899060e+02,6.255180e+02,3.676213e-07
547,4.908960e+02,6.255180e+02,3.667764e-07
548,4.918860e+02,6.255180e+02,3.639215e-07
549,4.928760e+02,6.255180e+02,3.279759e-07
550,5.166360e+02,6.255180e+02,3.314719e-07
551,5.176260e+02,6.255180e+02,6.851151e-08
552,5.295060e+02,6.255180e+02,5.001184e-07
553,5.304960e+02,6.255180e+02,2.540659e-07
554,4.869360e+02,6.245280e+02,2.483502e-07
555,4.879260e+02,6.245280e+02,2.698544e-07
556,4.889160e+02,6.245280e+02,2.948264e-07
557,4.899060e+02,6.245280e+02,3.172632e-07
558,4.908960e+02,6.245280e+02,3.336463e-07
559,4.918860e+02,6.245280e+02,3.444803e-07
560,4.928760e+02,6.245280e+02,3.440868e-07
561,5.037660e+02,6.245280e+02,3.748246e-08
562,5.047560e+02,6.245280e+02,2.699085e-08
563,5.057460e+02,6.245280e+02,4.091296e-08
564,5.215860e+02,6.245280e+02,2.939496e-07
565,5.225760e+02,6.245280e+02,3.051211e-07
566,5.285160e+02,6.245280e+02,4.188069e-07
567,5.295060e+02,6.245280e+02,2.195704e-07
568,5.780160e+02,6.245280e+02,6.802342e-13
569,5.790060e+02,6.245280e+02,6.266611e-13
570,5.799960e+02,6.245280e+02,7.485171e-13
571,5.809860e+02,6.245280e+02,7.214449e-13
572,5.819760e+02,6.245280e+02,6.785155e-13
573,5.829660e+02,6.245280e+02,8.262976e-13
574,4.859460e+02,6.235380e+02,1.766013e-07
575,4.869360e+02,6.235380e+02,1.981239e-07
576,4.879260e+02,6.235380e+02,2.266738e-07
577,4.889160e+02,6.235380e+02,2.573972e-07
578,4.899060e+02,6.235380e+02,2.870982e-07
579,4.908960e+02,6.235380e+02,3.137669e-07
580,4.918860e+02,6.235380e+02,3.370774e-07
581,4.928760e+02,6.235380e+02,3.567345e-07
582,4.938660e+02,6.235380e+02,3.873112e-07
583,5.007960e+02,6.235380e+02,1.228745e-07
584,5.017860e+02,6.235380e+02,2.343412e-07
585,5.027760e+02,6.235380e+02,1.605417e-07
586,5.037660e+02,6.235380e+02,1.880029e-07
587,5.047560e+02,6.235380e+02,6.304285e-08
588,5.057460e+02,6.235380e+02,1.634772e-07
589,5.205960e+02,6.235380e+02,2.971046e-07
590,5.215860e+02,6.235380e+02,3.016370e-07
591,5.225760e+02,6.235380e+02,2.907600e-07
592,5.285160e+02,6.235380e+02,3.823710e-07
593,5.780160e+02,6.235380e+02,7.299361e-13
594,5.790060e+02,6.235380e+02,7.416495e-13
595,5.799960e+02,6.235380e+02,7.698433e-13
596,5.809860e+02,6.235380e+02,9.201212e-13
597,5.819760e+02,6.235380e+02,1.098102e-12
598,5.829660e+02,6.235380e+02,6.820157e-13
599,4.859460e+02,6.225480e+02,1.390401e-07
600,4.869360e+02,6.225480e+02,1.656650e-07
601,4.879260e+02,6.225480e+02,1.982034e-07
602,4.889160e+02,6.225480e+02,2.331285e-07
603,4.899060e+02,6.225480e+02,2.676705e-07
604,4.908960e+02,6.225480e+02,3.006188e-07
605,4.918860e+02,6.225480e+02,3.321851e-07
606,4.928760e+02,6.225480e+02,3.683924e-07
607,4.938660e+02,6.225480e+02,4.270464e-07
608,5.007960e+02,6.225480e+02,2.278731e-07
609,5.017860e+02,6.225480e+02,2.358073e-07
610,5.027760e+02,6.225480e+02,2.129910e-07
611,5.037660e+02,6.225480e+02,1.848214e-07
612,5.047560e+02,6.225480e+02,1.474817e-07
613,5.057460e+02,6.225480e+02,1.614488e-07
614,5.196060e+02,6.225480e+02,2.807127e-07
615,5.205960e+02,6.225480e+02,2.802718e-07
616,5.215860e+02,6.225480e+02,2.714618e-07
617,5.225760e+02,6.225480e+02,2.597626e-07
618,5.235660e+02,6.225480e+02,1.440601e-07
619,5.285160e+02,6.225480e+02,2.110780e-07
620,5.790060e+02,6.225480e+02,8.651101e-13
621,5.799960e+02,6.225480e+02,9.256109e-13
622,5.809860e+02,6.225480e+02,9.179077e-13
623,5.819760e+02,6.225480e+02,8.786002e-13
624,5.829660e+02,6.225480e+02,7.179137e-13
625,4.869360e+02,6.215580e+02,1.407683e-07
626,4.879260e+02,6.215580e+02,1.754669e-07
627,4.889160e+02,6.215580e+02,2.129510e-07
628,4.899060e+02,6.215580e+02,2.494976e-07
629,4.908960e+02,6.215580e+02,2.863517e-07
630,4.918860e+02,6.215580e+02,3.279992e-07
631,4.928760e+02,6.215580e+02,3.854319e-07
632,4.938660e+02,6.215580e+02,4.161390e-07
633,5.007960e+02,6.215580e+02,2.746295e-07
634,5.017860e+02,6.215580e+02,2.386068e-07
635,5.027760e+02,6.215580e+02,2.183963e-07
636,5.037660e+02,6.215580e+02,2.108441e-07
637,5.047560e+02,6.215580e+02,2.097660e-07
638,5.186160e+02,6.215580e+02,2.610713e-07
639,5.196060e+02,6.215580e+02,2.611425e-07
640,5.205960e+02,6.215580e+02,2.559532e-07
641,5.215860e+02,6.215580e+02,2.457073e-07
642,5.225760e+02,6.215580e+02,2.324334e-07
643,5.235660e+02,6.215580e+02,1.672102e-07
644,5.790060e+02,6.215580e+02,1.337706e-12
645,5.799960e+02,6.215580e+02,1.036344e-12
646,5.809860e+02,6.215580e+02,1.028844e-12
647,5.819760e+02,6.215580e+02,9.077993e-13
648,5.829660e+02,6.215580e+02,9.111803e-13
649,4.889160e+02,6.205680e+02,1.891777e-07
650,4.899060e+02,6.205680e+02,2.271162e-07
651,4.908960e+02,6.205680e+02,2.705301e-07
652,4.918860e+02,6.205680e+02,3.261093e-07
653,4.928760e+02,6.205680e+02,4.053857e-07
654,4.938660e+02,6.205680e+02,3.194379e-07
655,4.998060e+02,6.205680e+02,2.962215e-07
656,5.007960e+02,6.205680e+02,2.772258e-07
657,5.017860e+02,6.205680e+02,2.437818e-07
658,5.027760e+02,6.205680e+02,2.266010e-07
659,5.037660e+02,6.205680e+02,2.222279e-07
660,5.047560e+02,6.205680e+02,1.802874e-07
661,5.146560e+02,6.205680e+02,1.283061e-07
662,5.156460e+02,6.205680e+02,1.772897e-07
663,5.166360e+02,6.205680e+02,2.153054e-07
664,5.176260e+02,6.205680e+02,2.267846e-07
665,5.186160e+02,6.205680e+02,2.345153e-07
666,5.196060e+02,6.205680e+02,2.367151e-07
667,5.205960e+02,6.205680e+02,2.323576e-07
668,5.215860e+02,6.205680e+02,2.221981e-07
669,5.225760e+02,6.205680e+02,2.078395e-07
670,5.235660e+02,6.205680e+02,1.697700e-07
671,4.889160e+02,6.195780e+02,1.611683e-07
672,4.899060e+02,6.195780e+02,2.026912e-07
673,4.908960e+02,6.195780e+02,2.531141e-07
674,4.918860e+02,6.195780e+02,3.221127e-07
675,4.928760e+02,6.195780e+02,4.267771e-07
676,4.998060e+02,6.195780e+02,3.243366e-07
677,5.007960e+02,6.195780e+02,2.766400e-07
678,5.017860e+02,6.195780e+02,2.502849e-07
679,5.027760e+02,6.195780e+02,2.375637e-07
680,5.037660e+02,6.195780e+02,2.392089e-07
681,5.047560e+02,6.195780e+02,1.714390e-07
682,5.106960e+02,6.195780e+02,7.218387e-08
683,5.116860e+02,6.195780e+02,1.523695e-07
684,5.126760e+02,6.195780e+02,1.663404e-07
685,5.136660e+02,6.195780e+02,1.721654e-07
686,5.146560e+02,6.195780e+02,1.801533e-07
687,5.156460e+02,6.195780e+02,1.881919e-07
688,5.166360e+02,6.195780e+02,1.974806e-07
689,5.176260e+02,6.195780e+02,2.057962e-07
690,5.186160e+02,6.195780e+02,2.117136e-07
691,5.196060e+02,6.195780e+02,2.134042e-07
692,5.205960e+02,6.195780e+02,2.097182e-07
693,5.215860e+02,6.195780e+02,2.004629e-07
694,5.225760e+02,6.195780e+02,1.853064e-07
695,5.235660e+02,6.195780e+02,1.203693e-07
696,4.899060e+02,6.185880e+02,1.759626e-07
697,4.908960e+02,6.185880e+02,2.333552e-07
698,4.918860e+02,6.185880e+02,3.162860e-07
699,4.978260e+02,6.185880e+02,4.030309e-07
700,4.988160e+02,6.185880e+02,3.716154e-07
701,4.998060e+02,6.185880e+02,3.115587e-07
702,5.007960e+02,6.185880e+02,2.759035e-07
703,5.017860e+02,6.185880e+02,2.562237e-07
704,5.027760e+02,6.185880e+02,2.495770e-07
705,5.037660e+02,6.185880e+02,2.600486e-07
706,5.097060e+02,6.185880e+02,2.581462e-08
707,5.106960e+02,6.185880e+02,1.557861e-07
708,5.116860e+02,6.185880e+02,1.777433e-07
709,5.126760e+02,6.185880e+02,1.704172e-07
710,5.136660e+02,6.185880e+02,1.702588e-07
711,5.146560e+02,6.185880e+02,1.738590e-07
712,5.156460e+02,6.185880e+02,1.787055e-07
713,5.166360e+02,6.185880e+02,1.835030e-07
714,5.176260e+02,6.185880e+02,1.885251e-07
715,5.186160e+02,6.185880e+02,1.916348e-07
716,5.196060e+02,6.185880e+02,1.914891e-07
717,5.205960e+02,6.185880e+02,1.871980e-07
718,5.215860e+02,6.185880e+02,1.775600e-07
719,5.225760e+02,6.185880e+02,1.625685e-07
720,4.968360e+02,6.175980e+02,4.761910e-07
721,4.978260e+02,6.175980e+02,3.945601e-07
722,4.988160e+02,6.175980e+02,3.373231e-07
723,4.998060e+02,6.175980e+02,2.967125e-07
724,5.007960e+02,6.175980e+02,2.716008e-07
725,5.017860e+02,6.175980e+02,2.591203e-07
726,5.027760e+02,6.175980e+02,2.601601e-07
727,5.037660e+02,6.175980e+02,2.809550e-07
728,5.047560e+02,6.175980e+02,2.486646e-07
729,5.087160e+02,6.175980e+02,2.267862e-07
730,5.097060e+02,6.175980e+02,2.387780e-07
731,5.106960e+02,6.175980e+02,2.012821e-07
732,5.116860e+02,6.175980e+02,1.803852e-07
733,5.126760e+02,6.175980e+02,1.703020e-07
734,5.136660e+02,6.175980e+02,1.663686e-07
735,5.146560e+02,6.175980e+02,1.663869e-07
736,5.156460e+02,6.175980e+02,1.682325e-07
737,5.166360e+02,6.175980e+02,1.704098e-07
738,5.176260e+02,6.175980e+02,1.632470e-07
739,5.186160e+02,6.175980e+02,1.567570e-07
740,5.196060e+02,6.175980e+02,1.707003e-07
741,5.205960e+02,6.175980e+02,1.580432e-07
742,5.215860e+02,6.175980e+02,1.465516e-07
743,5.225760e+02,6.175980e+02,1.368922e-07
744,4.968360e+02,6.166080e+02,3.784830e-07
745,4.978260e+02,6.166080e+02,3.331085e-07
746,4.988160e+02,6.166080e+02,2.993546e-07
747,4.998060e+02,6.166080e+02,2.755948e-07
748,5.007960e+02,6.166080e+02,2.610274e-07
749,5.017860e+02,6.166080e+02,2.562576e-07
750,5.027760e+02,6.166080e+02,2.660395e-07
751,5.037660e+02,6.166080e+02,2.967014e-07
752,5.047560e+02,6.166080e+02,1.391194e-07
753,5.077260e+02,6.166080e+02,2.566582e-07
754,5.087160e+02,6.166080e+02,2.968043e-07
755,5.097060e+02,6.166080e+02,2.372361e-07
756,5.106960e+02,6.166080e+02,1.978901e-07
757,5.116860e+02,6.166080e+02,1.770790e-07
758,5.126760e+02,6.166080e+02,1.658510e-07
759,5.136660e+02,6.166080e+02,1.596680e-07
760,5.146560e+02,6.166080e+02,1.569950e-07
761,5.156460e+02,6.166080e+02,1.562376e-07
762,5.166360e+02,6.166080e+02,1.560249e-07
763,5.176260e+02,6.166080e+02,1.033933e-07
764,5.186160e+02,6.166080e+02,1.543832e-07
765,5.196060e+02,6.166080e+02,1.509399e-07
766,5.205960e+02,6.166080e+02,1.411895e-07
767,5.215860e+02,6.166080e+02,1.331439e-07
768,5.225760e+02,6.166080e+02,1.183706e-07
769,4.958460e+02,6.156180e+02,1.864899e-07
770,4.968360e+02,6.156180e+02,2.865045e-07
771,4.978260e+02,6.156180e+02,2.711241e-07
772,4.988160e+02,6.156180e+02,2.562199e-07
773,4.998060e+02,6.156180e+02,2.464809e-07
774,5.007960e+02,6.156180e+02,2.421747e-07
775,5.017860e+02,6.156180e+02,2.462554e-07
776,5.027760e+02,6.156180e+02,2.653557e-07
777,5.037660e+02,6.156180e+02,3.042675e-07
778,5.047560e+02,6.156180e+02,2.342106e-07
779,5.077260e+02,6.156180e+02,2.938600e-07
780,5.087160e+02,6.156180e+02,2.581514e-07
781,5.097060e+02,6.156180e+02,2.221335e-07
782,5.106960e+02,6.156180e+02,1.872091e-07
783,5.116860e+02,6.156180e+02,1.682315e-07
784,5.126760e+02,6.156180e+02,1.574955e-07
785,5.136660e+02,6.156180e+02,1.505694e-07
786,5.146560e+02,6.156180e+02,1.461603e-07
787,5.156460e+02,6.156180e+02,1.435546e-07
788,5.166360e+02,6.156180e+02,1.415283e-07
789,5.176260e+02,6.156180e+02,1.393014e-07
790,5.186160e+02,6.156180e+02,1.368857e-07
791,5.196060e+02,6.156180e+02,1.322741e-07
792,5.205960e+02,6.156180e+02,1.246002e-07
793,5.215860e+02,6.156180e+02,1.137831e-07
794,5.225760e+02,6.156180e+02,9.931274e-08
795,4.978260e+02,6.146280e+02,5.668637e-08
796,4.988160e+02,6.146280e+02,1.004294e-07
797,4.998060e+02,6.146280e+02,1.412228e-07
798,5.007960e+02,6.146280e+02,2.145579e-07
799,5.017860e+02,6.146280e+02,2.288269e-07
800,5.027760e+02,6.146280e+02,2.565524e-07
801,5.037660e+02,6.146280e+02,2.928205e-07
802,5.097060e+02,6.146280e+02,1.996392e-07
803,5.106960e+02,6.146280e+02,1.716845e-07
804,5.116860e+02,6.146280e+02,1.557338e-07
805,5.126760e+02,6.146280e+02,1.464729e-07
806,5.136660e+02,6.146280e+02,1.396947e-07
807,5.146560e+02,6.146280e+02,1.345323e-07
808,5.156460e+02,6.146280e+02,1.305441e-07
809,5.166360e+02,6.146280e+02,1.274173e-07
810,5.176260e+02,6.146280e+02,1.241149e-07
811,5.186160e+02,6.146280e+02,1.202139e-07
812,5.196060e+02,6.146280e+02,1.149268e-07
813,5.205960e+02,6.146280e+02,1.070287e-07
814,5.215860e+02,6.146280e+02,9.628125e-08
815,5.225760e+02,6.146280e+02,8.267705e-08
816,5.007960e+02,6.136380e+02,1.780178e-07
817,5.017860e+02,6.136380e+02,1.407430e-07
818,5.027760e+02,6.136380e+02,2.358859e-07
819,5.037660e+02,6.136380e+02,1.858925e-07
820,5.087160e+02,6.136380e+02,2.129303e-07
821,5.097060e+02,6.136380e+02,1.751145e-07
822,5.106960e+02,6.136380e+02,1.539435e-07
823,5.116860e+02,6.136380e+02,1.415782e-07
824,5.126760e+02,6.136380e+02,1.340158e-07
825,5.136660e+02,6.136380e+02,1.278339e-07
826,5.146560e+02,6.136380e+02,1.225007e-07
827,5.156460e+02,6.136380e+02,1.176921e-07
828,5.166360e+02,6.136380e+02,1.137392e-07
829,5.176260e+02,6.136380e+02,1.096776e-07
830,5.186160e+02,6.136380e+02,1.050514e-07
831,5.196060e+02,6.136380e+02,9.921576e-08
832,5.205960e+02,6.136380e+02,9.129561e-08
833,5.215860e+02,6.136380e+02,8.091277e-08
834,5.225760e+02,6.136380e+02,6.841322e-08
835,5.007960e+02,6.126480e+02,3.780693e-08
836,5.027760e+02,6.126480e+02,1.044722e-07
837,5.087160e+02,6.126480e+02,1.771371e-07
838,5.097060e+02,6.126480e+02,1.513195e-07
839,5.106960e+02,6.126480e+02,1.355545e-07
840,5.116860e+02,6.126480e+02,1.270496e-07
841,5.126760e+02,6.126480e+02,1.208855e-07
842,5.136660e+02,6.126480e+02,1.155399e-07
843,5.146560e+02,6.126480e+02,1.104841e-07
844,5.156460e+02,6.126480e+02,1.054066e-07
845,5.166360e+02,6.126480e+02,1.006147e-07
846,5.176260e+02,6.126480e+02,9.608131e-08
847,5.186160e+02,6.126480e+02,9.116963e-08
848,5.196060e+02,6.126480e+02,8.520508e-08
849,5.205960e+02,6.126480e+02,7.756414e-08
850,5.215860e+02,6.126480e+02,6.769141e-08
851,5.225760e+02,6.126480e+02,5.625603e-08
852,5.077260e+02,6.116580e+02,1.592847e-07
853,5.087160e+02,6.116580e+02,1.461162e-07
854,5.097060e+02,6.116580e+02,1.293821e-07
855,5.106960e+02,6.116580e+02,1.198923e-07
856,5.116860e+02,6.116580e+02,1.129365e-07
857,5.126760e+02,6.116580e+02,1.069552e-07
858,5.136660e+02,6.116580e+02,1.038541e-07
859,5.146560e+02,6.116580e+02,9.872950e-08
860,5.156460e+02,6.116580e+02,9.371589e-08
861,5.166360e+02,6.116580e+02,8.834911e-08
862,5.176260e+02,6.116580e+02,8.322363e-08
863,5.186160e+02,6.116580e+02,7.815362e-08
864,5.196060e+02,6.116580e+02,7.243337e-08
865,5.205960e+02,6.116580e+02,6.538169e-08
866,5.215860e+02,6.116580e+02,5.643474e-08
867,5.225760e+02,6.116580e+02,3.180167e-08
868,6.007860e+02,6.116580e+02,1.252283e-13
869,6.017760e+02,6.116580e+02,5.530745e-14
870,6.027660e+02,6.116580e+02,7.965764e-14
871,5.077260e+02,6.106680e+02,1.386808e-07
872,5.087160e+02,6.106680e+02,1.193325e-07
873,5.097060e+02,6.106680e+02,1.095798e-07
874,5.106960e+02,6.106680e+02,1.041171e-07
875,5.116860e+02,6.106680e+02,9.941996e-08
876,5.126760e+02,6.106680e+02,9.595182e-08
877,5.136660e+02,6.106680e+02,9.223530e-08
878,5.146560e+02,6.106680e+02,8.773037e-08
879,5.156460e+02,6.106680e+02,8.258484e-08
880,5.166360e+02,6.106680e+02,7.700816e-08
881,5.176260e+02,6.106680e+02,7.140195e-08
882,5.186160e+02,6.106680e+02,6.588103e-08
883,5.196060e+02,6.106680e+02,6.046168e-08
884,5.205960e+02,6.106680e+02,5.419653e-08
885,5.215860e+02,6.106680e+02,4.204296e-08
886,5.997960e+02,6.106680e+02,6.582173e-14
887,6.007860e+02,6.106680e+02,3.762944e-13
888,6.017760e+02,6.106680e+02,3.112148e-13
889,6.027660e+02,6.106680e+02,2.508520e-13
890,6.037560e+02,6.106680e+02,3.445743e-15
891,5.067360e+02,6.096780e+02,5.197572e-08
892,5.077260e+02,6.096780e+02,1.058827e-07
893,5.087160e+02,6.096780e+02,9.639942e-08
894,5.097060e+02,6.096780e+02,9.183036e-08
895,5.106960e+02,6.096780e+02,8.930007e-08
896,5.116860e+02,6.096780e+02,8.642694e-08
897,5.126760e+02,6.096780e+02,8.387618e-08
898,5.136660e+02,6.096780e+02,8.082926e-08
899,5.146560e+02,6.096780e+02,7.680768e-08
900,5.156460e+02,6.096780e+02,7.167166e-08
901,5.166360e+02,6.096780e+02,6.646058e-08
902,5.176260e+02,6.096780e+02,6.059979e-08
903,5.186160e+02,6.096780e+02,5.471825e-08
904,5.196060e+02,6.096780e+02,4.905382e-08
905,5.205960e+02,6.096780e+02,4.349331e-08
906,5.997960e+02,6.096780e+02,7.852190e-14
907,6.007860e+02,6.096780e+02,4.213352e-13
908,6.017760e+02,6.096780e+02,4.178446e-13
909,6.027660e+02,6.096780e+02,3.066302e-13
910,6.037560e+02,6.096780e+02,4.731897e-15
911,6.116760e+02,6.096780e+02,5.151977e-14
912,6.126660e+02,6.096780e+02,4.757451e-14
913,5.067360e+02,6.086880e+02,3.660277e-08
914,5.077260e+02,6.086880e+02,7.947785e-08
915,5.087160e+02,6.086880e+02,7.713021e-08
916,5.097060e+02,6.086880e+02,7.596124e-08
917,5.106960e+02,6.086880e+02,7.523417e-08
918,5.116860e+02,6.086880e+02,7.371631e-08
919,5.126760e+02,6.086880e+02,7.190994e-08
920,5.136660e+02,6.086880e+02,6.939316e-08
921,5.146560e+02,6.086880e+02,6.564449e-08
922,5.156460e+02,6.086880e+02,6.154365e-08
923,5.166360e+02,6.086880e+02,5.640538e-08
924,5.176260e+02,6.086880e+02,5.070990e-08
925,5.186160e+02,6.086880e+02,4.484750e-08
926,5.196060e+02,6.086880e+02,3.871770e-08
927,5.205960e+02,6.086880e+02,3.348722e-08
928,5.978160e+02,6.086880e+02,4.302123e-14
929,5.997960e+02,6.086880e+02,5.901850e-15
930,6.007860e+02,6.086880e+02,5.083224e-13
931,6.017760e+02,6.086880e+02,5.122081e-13
932,6.027660e+02,6.086880e+02,3.744538e-13
933,6.037560e+02,6.086880e+02,3.536831e-15
934,6.116760e+02,6.086880e+02,1.563475e-14
935,6.126660e+02,6.086880e+02,2.982974e-14
936,5.067360e+02,6.076980e+02,5.901333e-08
937,5.077260e+02,6.076980e+02,6.062890e-08
938,5.087160e+02,6.076980e+02,6.062262e-08
939,5.097060e+02,6.076980e+02,6.125683e-08
940,5.106960e+02,6.076980e+02,6.146524e-08
941,5.116860e+02,6.076980e+02,6.102625e-08
942,5.126760e+02,6.076980e+02,5.980374e-08
943,5.136660e+02,6.076980e+02,5.788548e-08
944,5.146560e+02,6.076980e+02,5.492392e-08
945,5.156460e+02,6.076980e+02,5.107638e-08
946,5.166360e+02,6.076980e+02,4.652468e-08
947,5.176260e+02,6.076980e+02,4.146673e-08
948,5.186160e+02,6.076980e+02,3.605762e-08
949,5.196060e+02,6.076980e+02,3.048778e-08
950,5.205960e+02,6.076980e+02,2.541967e-08
951,5.215860e+02,6.076980e+02,2.087483e-08
952,5.978160e+02,6.076980e+02,6.142917e-14
953,5.997960e+02,6.076980e+02,8.850433e-15
954,6.027660e+02,6.076980e+02,3.481929e-13
955,6.037560e+02,6.076980e+02,8.311167e-15
956,5.067360e+02,6.067080e+02,4.452348e-08
957,5.077260e+02,6.067080e+02,4.474092e-08
958,5.087160e+02,6.067080e+02,4.610759e-08
959,5.097060e+02,6.067080e+02,4.749328e-08
960,5.106960e+02,6.067080e+02,4.836834e-08
961,5.116860e+02,6.067080e+02,4.829387e-08
962,5.126760e+02,6.067080e+02,4.750957e-08
963,5.136660e+02,6.067080e+02,4.608980e-08
964,5.146560e+02,6.067080e+02,4.372774e-08
965,5.156460e+02,6.067080e+02,4.058928e-08
966,5.166360e+02,6.067080e+02,3.681481e-08
967,5.176260e+02,6.067080e+02,3.255747e-08
968,5.186160e+02,6.067080e+02,2.804902e-08
969,5.196060e+02,6.067080e+02,2.347086e-08
970,5.205960e+02,6.067080e+02,1.910910e-08
971,5.215860e+02,6.067080e+02,1.519319e-08
972,5.720760e+02,6.067080e+02,3.690058e-13
973,5.730660e+02,6.067080e+02,7.735260e-13
974,5.740560e+02,6.067080e+02,8.077636e-13
975,5.750460e+02,6.067080e+02,7.068221e-13
976,5.760360e+02,6.067080e+02,9.696143e-13
977,5.770260e+02,6.067080e+02,6.407757e-13
978,6.027660e+02,6.067080e+02,5.455764e-13
979,6.037560e+02,6.067080e+02,3.741458e-13
980,6.047460e+02,6.067080e+02,2.737303e-13
981,6.077160e+02,6.067080e+02,1.948134e-13
982,6.087060e+02,6.067080e+02,1.421929e-13
983,5.730660e+02,6.057180e+02,4.093392e-13
984,5.740560e+02,6.057180e+02,5.103314e-13
985,5.750460e+02,6.057180e+02,6.235054e-13
986,5.760360e+02,6.057180e+02,7.754632e-13
987,5.770260e+02,6.057180e+02,4.677605e-13
988,5.780160e+02,6.057180e+02,4.034749e-14
989,5.819760e+02,6.057180e+02,4.612161e-15
990,5.829660e+02,6.057180e+02,8.815436e-13
991,5.839560e+02,6.057180e+02,1.293538e-12
992,5.849460e+02,6.057180e+02,1.222328e-12
993,5.859360e+02,6.057180e+02,7.240696e-13
994,6.027660e+02,6.057180e+02,6.026382e-13
995,6.037560e+02,6.057180e+02,4.908570e-13
996,6.047460e+02,6.057180e+02,3.685590e-13
997,6.067260e+02,6.057180e+02,3.360644e-13
998,6.077160e+02,6.057180e+02,2.747220e-13
999,6.087060e+02,6.057180e+02,1.991117e-13
1000,5.740560e+02,6.047280e+02,4.029172e-13
1001,5.750460e+02,6.047280e+02,5.645856e-13
1002,5.760360e+02,6.047280e+02,8.256322e-13
1003,5.770260e+02,6.047280e+02,5.712463e-13
1004,5.780160e+02,6.047280e+02,4.246693e-13
1005,5.849460e+02,6.047280e+02,9.178746e-13
1006,5.859360e+02,6.047280e+02,1.440117e-12
1007,5.869260e+02,6.047280e+02,1.315018e-12
1008,5.879160e+02,6.047280e+02,1.279346e-12
1009,5.889060e+02,6.047280e+02,6.352633e-13
1010,6.027660e+02,6.047280e+02,7.002600e-13
1011,6.037560e+02,6.047280e+02,5.001997e-13
1012,6.047460e+02,6.047280e+02,3.990052e-13
1013,6.067260e+02,6.047280e+02,2.074603e-13
1014,6.077160e+02,6.047280e+02,3.296895e-13
1015,6.087060e+02,6.047280e+02,3.374035e-13
1016,5.750460e+02,6.037380e+02,4.695396e-13
1017,5.760360e+02,6.037380e+02,5.766389e-13
1018,5.770260e+02,6.037380e+02,6.914010e-13
1019,5.780160e+02,6.037380e+02,5.518197e-13
1020,5.849460e+02,6.037380e+02,6.967729e-14
1021,5.859360e+02,6.037380e+02,4.935578e-13
1022,5.869260e+02,6.037380e+02,1.197785e-12
1023,5.879160e+02,6.037380e+02,9.416744e-13
1024,5.889060e+02,6.037380e+02,4.910881e-13
1025,5.908860e+02,6.037380e+02,8.337599e-13
1026,5.918760e+02,6.037380e+02,1.217681e-12
1027,5.928660e+02,6.037380e+02,1.828120e-12
1028,5.938560e+02,6.037380e+02,1.787940e-12
1029,5.948460e+02,6.037380e+02,1.731191e-12
1030,5.958360e+02,6.037380e+02,1.838196e-12
1031,5.968260e+02,6.037380e+02,1.255724e-12
1032,6.027660e+02,6.037380e+02,6.479387e-13
1033,6.037560e+02,6.037380e+02,5.404893e-13
1034,6.047460e+02,6.037380e+02,4.446958e-13
1035,6.077160e+02,6.037380e+02,3.211020e-13
1036,6.087060e+02,6.037380e+02,3.614560e-13
1037,6.096960e+02,6.037380e+02,1.470481e-14
1038,5.760360e+02,6.027480e+02,4.767281e-13
1039,5.770260e+02,6.027480e+02,5.858034e-13
1040,5.780160e+02,6.027480e+02,7.563375e-13
1041,5.790060e+02,6.027480e+02,2.786106e-13
1042,5.849460e+02,6.027480e+02,5.506165e-14
1043,5.859360e+02,6.027480e+02,1.473400e-13
1044,5.869260e+02,6.027480e+02,5.383505e-13
1045,5.879160e+02,6.027480e+02,6.863474e-13
1046,5.908860e+02,6.027480e+02,3.373433e-13
1047,5.918760e+02,6.027480e+02,6.444408e-14
1048,5.928660e+02,6.027480e+02,1.825315e-13
1049,5.938560e+02,6.027480e+02,6.169271e-13
1050,5.948460e+02,6.027480e+02,5.532224e-13
1051,5.958360e+02,6.027480e+02,8.551573e-13
1052,6.027660e+02,6.027480e+02,5.403622e-13
1053,6.037560e+02,6.027480e+02,4.846986e-13
1054,6.047460e+02,6.027480e+02,3.557002e-13
1055,6.067260e+02,6.027480e+02,3.970204e-13
1056,6.077160e+02,6.027480e+02,3.131277e-13
1057,6.087060e+02,6.027480e+02,2.399820e-13
1058,6.096960e+02,6.027480e+02,3.900394e-15
1059,5.770260e+02,6.017580e+02,5.257210e-13
1060,5.780160e+02,6.017580e+02,7.652180e-13
1061,5.849460e+02,6.017580e+02,2.508151e-13
1062,5.859360e+02,6.017580e+02,6.146457e-13
1063,5.869260e+02,6.017580e+02,6.812174e-13
1064,5.879160e+02,6.017580e+02,4.836790e-13
1065,5.898960e+02,6.017580e+02,3.380836e-13
1066,5.908860e+02,6.017580e+02,2.661413e-14
1067,5.918760e+02,6.017580e+02,1.166851e-14
1068,5.938560e+02,6.017580e+02,7.927533e-14
1069,5.948460e+02,6.017580e+02,1.552672e-13
1070,5.958360e+02,6.017580e+02,3.337051e-13
1071,6.037560e+02,6.017580e+02,2.963475e-13
1072,6.067260e+02,6.017580e+02,3.317392e-13
1073,6.077160e+02,6.017580e+02,3.527853e-13
1074,6.087060e+02,6.017580e+02,2.796372e-13
1075,6.116760e+02,6.017580e+02,5.849345e-15
1076,5.869260e+02,6.007680e+02,3.868519e-13
1077,5.889060e+02,6.007680e+02,3.627295e-13
1078,5.898960e+02,6.007680e+02,1.732417e-13
1079,5.908860e+02,6.007680e+02,2.419632e-14
1080,5.918760e+02,6.007680e+02,2.181325e-14
1081,5.938560e+02,6.007680e+02,1.018206e-13
1082,5.948460e+02,6.007680e+02,1.800639e-13
1083,6.057360e+02,6.007680e+02,2.480932e-13
1084,6.067260e+02,6.007680e+02,2.918272e-13
1085,6.077160e+02,6.007680e+02,2.689367e-13
1086,6.087060e+02,6.007680e+02,2.220288e-13
1087,6.096960e+02,6.007680e+02,5.359640e-14
1088,6.106860e+02,6.007680e+02,4.743034e-14
1089,6.116760e+02,6.007680e+02,7.303604e-14
1090,5.889060e+02,5.997780e+02,1.456980e-13
1091,5.898960e+02,5.997780e+02,3.625145e-14
1092,6.067260e+02,5.997780e+02,2.267610e-13
1093,6.077160e+02,5.997780e+02,2.099708e-13
1094,6.087060e+02,5.997780e+02,2.164728e-13
1095,6.096960e+02,5.997780e+02,1.781079e-13
1096,6.106860e+02,5.997780e+02,1.442951e-13
1097,6.116760e+02,5.997780e+02,1.161364e-13
1098,6.067260e+02,5.987880e+02,1.860997e-13
1099,6.077160e+02,5.987880e+02,1.780883e-13
1100,6.087060e+02,5.987880e+02,2.591351e-13
1101,6.096960e+02,5.987880e+02,1.914445e-13
1102,6.106860e+02,5.987880e+02,1.169449e-13
1103,6.116760e+02,5.987880e+02,8.080535e-14
1104,6.126660e+02,5.987880e+02,2.379530e-16
1105,6.077160e+02,5.977980e+02,1.282950e-13
1106,6.087060e+02,5.977980e+02,1.563081e-13
1107,6.096960e+02,5.977980e+02,1.814469e-13
1108,6.106860e+02,5.977980e+02,1.336519e-13
1109,6.116760e+02,5.977980e+02,7.135867e-14
1110,6.126660e+02,5.977980e+02,6.651745e-15
1111,6.106860e+02,5.968080e+02,5.119474e-14
1112,6.116760e+02,5.968080e+02,3.876132e-14
1113,6.126660e+02,5.968080e+02,5.248853e-15
1114,5.968260e+02,5.908680e+02,5.051006e-14
